property_id,city,area,property_type,purpose,bedrooms,bathrooms,size_sqft,area_sqft_normalized,price_pkr,price_formatted,developer,has_installment_plan,description,source_url,amenities,qa_flags
LAH-0001,Lahore,Bahria Town - Sector F,House,Sale,6,7,2250,2250.0,61500000,6.15 crore,Bahria Town,False,"Luxury 10 Marla Semi-Furnished Designer House Available for Sale in Bahria Town - Sector F, Bahria Town · 6 bed · 7 bath · 10 Marla",https://www.zameen.com/Property/bahria_town_bahria_town_-_sector_f_luxury_10_marla_semi-furnished_designer_house_available_for_sale-54711022-3097-1.html,furnished,
LAH-0002,Lahore,Park View City,House,Sale,4,4,1125,1125.0,17000000,1.70 crore,Park View,False,"05 Marla Luxury House Avaliable in park view City Lahore in Park View City, Lahore · 4 bed · 4 bath · 5 Marla",https://www.zameen.com/Property/lahore_park_view_city_05_marla_luxury_house_avaliable_in_park_view_city_lahore-54743622-1466-1.html,,
LAH-0003,Lahore,DHA Phase 6 - Block J,House,Sale,5,6,4500,4500.0,89800000,8.98 crore,DHA,False,"1 Kanal Out Standing Top Quality Brand New House With Basement Designed By Mazher Munir For Sale In Dha PHASE 6 in DHA Phase 6 - Block J, DHA Phase 6 · 5 bed · 6 bath · 1 Kanal",https://www.zameen.com/Property/dha_phase_6_dha_phase_6_-_block_j_1_kanal_out_standing_top_quality_brand_new_house_with_basement_designed_by_mazher_munir_for_sale_in_dha_phase_6-54686987-1618-1.html,basement|brand_new,
LAH-0004,Lahore,DHA Phase 6,House,Sale,6,7,9000,9000.0,325500000,32.55 crore,DHA,False,"Mazhar Muneer Ultra-Luxury 2-Kanal 6-Bed House | Swimming Pool | Furnished | Top Location | Dolmen | Masjid | Park | Raya Fairways | House For Sale in DHA Phase 6, DHA Defence · 6 bed · 7 bath · 2 Kanal",https://www.zameen.com/Property/dha_defence_dha_phase_6_mazhar_muneer_ultra-luxury_2-kanal_6-bed_house_swimming_pool_furnished_top_location_dolmen_masjid_park_raya_fairways_house_for_sale-54614593-1448-1.html,swimming_pool|furnished|park|mosque,
LAH-0005,Lahore,DHA Phase 7,House,Sale,5,6,4500,4500.0,81100000,8.11 crore,DHA,False,"1 Kanal Top Quality Build Luxurious Beautiful Ultra Modern Design Villa With Basement For Sale In DHA Lahore Phase 7 Prime Location in DHA Phase 7, DHA Defence · 5 bed · 6 bath · 1 Kanal",https://www.zameen.com/Property/dha_defence_dha_phase_7_1_kanal_top_quality_build_luxurious_beautiful_ultra_modern_design_villa_with_basement_for_sale_in_dha_lahore_phase_7_prime_location-54769067-1450-1.html,basement,
LAH-0006,Lahore,DHA 9 Town,Plot,Sale,3,5,1125,1125.0,27000000,2.70 crore,DHA,False,"Corner Access Land 5 Marla House in DHA Phase 9 TOWN in DHA 9 Town, DHA Defence · 3 bed · 5 bath · 5 Marla",https://www.zameen.com/Property/dha_defence_dha_9_town_corner_access_land_5_marla_house_in_dha_phase_9_town-54738548-1452-1.html,corner,plot_with_bedrooms
LAH-0007,Lahore,Al-Kabir Town - Phase 2,House,Sale,3,4,675,675.0,11000000,1.10 crore,Private / Unknown,False,"Al Kabir Town Phase 2 Bautiful House For Sale in Al-Kabir Town - Phase 2, Al-Kabir Town · 3 bed · 4 bath · 3 Marla",https://www.zameen.com/Property/al_kabir_town_al-kabir_town_-_phase_2_al_kabir_town_phase_2_bautiful_house_for_sale-54783974-11704-1.html,,
LAH-0008,Lahore,DHA 11 Rahbar,House,Sale,3,4,1125,1125.0,24000000,2.40 crore,DHA,False,"5 Marla Solar House For Sale in DHA 11 Rahbar, Lahore · 3 bed · 4 bath · 5 Marla",https://www.zameen.com/Property/lahore_dha_11_rahbar_5_marla_solar_house_for_sale-54627315-1410-1.html,solar,
LAH-0009,Lahore,Punjab Coop Housing Society,House,Sale,3,4,1125,1125.0,28500000,2.85 crore,DHA,False,"5 MARLA BEAUTIFUL HOUSE FOR SALE IN PUNJAB SOCIETY NEAR DHA in Punjab Coop Housing Society, Lahore · 3 bed · 4 bath · 5 Marla",https://www.zameen.com/Property/lahore_punjab_coop_housing_society_5_marla_beautiful_house_for_sale_in_punjab_society_near_dha-54783712-456-1.html,,
LAH-0010,Lahore,Bahria Town - Sector E,Flat,Sale,1,1,495,495.0,3600000,36.00 lac,Bahria Town,False,"ONE BED FURNISHED APARTMENT FOR SALE AT SECTOR C BAHRIA TOWN LAHORE in Bahria Town - Sector E, Bahria Town · 1 bed · 1 bath · 2.2 Marla",https://www.zameen.com/Property/bahria_town_bahria_town_-_sector_e_one_bed_furnished_apartment_for_sale_at_sector_c_bahria_town_lahore-54783637-1802-1.html,furnished,price_per_sqft_outlier
LAH-0011,Lahore,Bahria Orchard Phase 4,House,Sale,2,2,1125,1125.0,5500000,55.00 lac,Private / Unknown,False,"5 Marla Town House For Sale At Reasonable Price In Bahria Orchard Lahore in Bahria Orchard Phase 4, Bahria Orchard · 2 bed · 2 bath · 5 Marla",https://www.zameen.com/Property/bahria_orchard_bahria_orchard_phase_4_5_marla_town_house_for_sale_at_reasonable_price_in_bahria_orchard_lahore-53798452-11201-1.html,,price_per_sqft_outlier
LAH-0012,Lahore,Bahria Town - Sector B,Studio,Sale,1,1,292,292.5,5200000,52.00 lac,Bahria Town,False,"STUDIO APARTMENT FOR SALE IN BAHIRA TOWN LAHORE in Bahria Town - Sector B, Bahria Town · 1 bed · 1 bath · 1.3 Marla",https://www.zameen.com/Property/bahria_town_bahria_town_-_sector_b_studio_apartment_for_sale_in_bahira_town_lahore-51428228-1772-1.html,,
LAH-0013,Lahore,Hamza Town,House,Sale,3,3,675,675.0,5900000,59.00 lac,Private / Unknown,False,"Modern House in Hamza Town, Lahore · 3 bed · 3 bath · 3 Marla",https://www.zameen.com/Property/lahore_hamza_town_modern_house-54779595-8941-1.html,,price_per_sqft_outlier
LAH-0014,Lahore,Canal Bank Housing Scheme,House,Sale,3,3,900,900.0,20500000,2.05 crore,Private / Unknown,False,"Brand New, Double Story, 04 Marla, Beautiful House For Sale In Canal Bank Society, Lahore in Canal Bank Housing Scheme, Lahore · 3 bed · 3 bath · 4 Marla",https://www.zameen.com/Property/lahore_canal_bank_housing_scheme_brand_new_double_story_04_marla_beautiful_house_for_sale_in_canal_bank_society_lahore-54125827-9354-1.html,brand_new,
LAH-0015,Lahore,Paragon City,House,Sale,3,4,1350,1350.0,22500000,2.25 crore,Paragon,False,"6 Marla House For Sale In Paragon City Lahore in Paragon City, Lahore · 3 bed · 4 bath · 6 Marla",https://www.zameen.com/Property/lahore_paragon_city_6_marla_house_for_sale_in_paragon_city_lahore-50701901-1014-1.html,,
LAH-0016,Lahore,Paragon City,House,Sale,5,6,2250,2250.0,45000000,4.50 crore,Paragon,False,"10 Marla House For Sale In Paragon City Lahore in Paragon City, Lahore · 5 bed · 6 bath · 10 Marla",https://www.zameen.com/Property/lahore_paragon_city_10_marla_house_for_sale_in_paragon_city_lahore-50797108-1014-1.html,,shared_description
LAH-0017,Lahore,Hamza Town,House,Sale,3,3,675,675.0,8500000,85.00 lac,Private / Unknown,False,"3 Marla Double Story Modern Spanish House in Hamza Town, Lahore · 3 bed · 3 bath · 3 Marla",https://www.zameen.com/Property/lahore_hamza_town_3_marla_double_story_modern_spanish_house-54766442-8941-1.html,,
LAH-0018,Lahore,DHA Phase 6,House,Sale,5,6,4500,4500.0,82500000,8.25 crore,DHA,False,"1 Kanal House For Sale Very Reasonable Price Near To Defence Raya in DHA Phase 6, DHA Defence · 5 bed · 6 bath · 1 Kanal",https://www.zameen.com/Property/dha_defence_dha_phase_6_1_kanal_house_for_sale_very_reasonable_price_near_to_defence_raya-54727163-1448-1.html,,
LAH-0019,Lahore,DHA Phase 6,House,Sale,6,6,9000,9000.0,289500000,28.95 crore,DHA,False,"2 Kanal Fully Furnished Corner Most Luxurious Modern Design Bungalow For Sale At Prime Location Of DHA Lahore Near To Defence Raya in DHA Phase 6, DHA Defence · 6 bed · 6 bath · 2 Kanal",https://www.zameen.com/Property/dha_defence_dha_phase_6_2_kanal_fully_furnished_corner_most_luxurious_modern_design_bungalow_for_sale_at_prime_location_of_dha_lahore_near_to_defence_raya-54727160-1448-1.html,furnished|corner,
LAH-0020,Lahore,DHA Phase 6 - Block K,House,Sale,5,6,4500,4500.0,135100000,13.51 crore,DHA,False,"Mazir Munir Designed 1 Kanal Brand New Modern Style Luxurious Bungalow For Sale in DHA Phase 6 Near To Defence Raya & Big Park in DHA Phase 6 - Block K, DHA Phase 6 · 5 bed · 6 bath · 1 Kanal",https://www.zameen.com/Property/dha_phase_6_dha_phase_6_-_block_k_mazir_munir_designed_1_kanal_brand_new_modern_style_luxurious_bungalow_for_sale_in_dha_phase_6_near_to_defence_raya_big_park-54705687-1619-1.html,park|brand_new,
LAH-0021,Lahore,DHA Phase 5 - Block B,House,Sale,5,6,4500,4500.0,149500000,14.95 crore,DHA,False,"100 % Original Picture Defence 1 Kanal Brand New Victorian Design Fully Furnished Bungalow For Sale Phase 5 in DHA Phase 5 - Block B, DHA Phase 5 · 5 bed · 6 bath · 1 Kanal",https://www.zameen.com/Property/dha_phase_5_dha_phase_5_-_block_b_100_original_picture_defence_1_kanal_brand_new_victorian_design_fully_furnished_bungalow_for_sale_phase_5-54704573-1599-1.html,furnished|brand_new,
LAH-0022,Lahore,Bahria Town - Sector E,Flat,Sale,2,2,742,742.5,15000000,1.50 crore,Bahria Town,False,"2 Beds New Apartment For Sale In Sector E Bahria Town Lahore in Bahria Town - Sector E, Bahria Town · 2 bed · 2 bath · 3.3 Marla",https://www.zameen.com/Property/bahria_town_bahria_town_-_sector_e_2_beds_new_apartment_for_sale_in_sector_e_bahria_town_lahore-50795476-1802-1.html,,
LAH-0023,Lahore,DHA 9 Town,House,Sale,3,3,1125,1125.0,25500000,2.55 crore,DHA,False,"Modern Stone Edge Designed 5 Marla House In DHA 9 Town in DHA 9 Town, DHA Defence · 3 bed · 3 bath · 5 Marla",https://www.zameen.com/Property/dha_defence_dha_9_town_modern_stone_edge_designed_5_marla_house_in_dha_9_town-54738055-1452-1.html,,
LAH-0024,Lahore,DHA Phase 3,House,Sale,3,4,1125,1125.0,28000000,2.80 crore,DHA,False,"5 Marla House At Good Location in DHA Phase 3 5 Mint Away From Park in DHA Phase 3, DHA Defence · 3 bed · 4 bath · 5 Marla",https://www.zameen.com/Property/dha_defence_dha_phase_3_5_marla_house_at_good_location_in_dha_phase_3_5_mint_away_from_park-54778640-1454-1.html,park,
LAH-0025,Lahore,Bahria Town - Sector E,Flat,Sale,1,1,450,450.0,6500000,65.00 lac,Bahria Town,False,"Ready To Move Apartment Available For Sale In Sector E Bahria Town Lahore in Bahria Town - Sector E, Bahria Town · 1 bed · 1 bath · 2 Marla",https://www.zameen.com/Property/bahria_town_bahria_town_-_sector_e_ready_to_move_apartment_available_for_sale_in_sector_e_bahria_town_lahore-53875117-1802-1.html,,
LAH-0026,Lahore,Johar Town,Other,Sale,5,6,2700,2700.0,45000000,4.50 crore,Private / Unknown,False,"12 Marla Facing Park Owner Build Neat And Clean All Original Picture Attached With Direct Owner Available For Sale In Johar Town in Johar Town, Lahore · 5 bed · 6 bath · 12 Marla",https://www.zameen.com/Property/lahore_johar_town_12_marla_facing_park_owner_build_neat_and_clean_all_original_picture_attached_with_direct_owner_available_for_sale_in_johar_town-54779047-93-1.html,park,
LAH-0027,Lahore,Johar Town Phase 2,Other,Sale,,1,292,292.5,7773999,77.74 lac,Private / Unknown,False,"299 Sqft Brand New Luxury Modern Style Facing Canal Near Doctor Hospital Available For Sale In Johar Town in Johar Town Phase 2, Johar Town · 1 bath · 1.3 Marla",https://www.zameen.com/Property/johar_town_johar_town_phase_2_299_sqft_brand_new_luxury_modern_style_facing_canal_near_doctor_hospital_available_for_sale_in_johar_town-54699028-3961-1.html,brand_new,bedrooms_missing
LAH-0028,Lahore,Park View City,House,Sale,4,4,1125,1125.0,16500000,1.65 crore,Park View,False,"On Excellent Location 5 Marla House For Sale Available In Park View City in Park View City, Lahore · 4 bed · 4 bath · 5 Marla",https://www.zameen.com/Property/lahore_park_view_city_on_excellent_location_5_marla_house_for_sale_available_in_park_view_city-54705476-1466-1.html,,
LAH-0029,Lahore,DHA Phase 7,House,Sale,7,6,9000,9000.0,167500000,16.75 crore,DHA,False,"2 Kanal Fully Furnished With Basement Faisal Rasoo Design Bungalow For Sale In Phase 7 Dha in DHA Phase 7, DHA Defence · 7 bed · 6 bath · 2 Kanal",https://www.zameen.com/Property/dha_defence_dha_phase_7_2_kanal_fully_furnished_with_basement_faisal_rasoo_design_bungalow_for_sale_in_phase_7_dha-54661808-1450-1.html,basement|furnished,
LAH-0030,Lahore,Central Park Housing Scheme,House,Sale,4,5,1125,1125.0,22000000,2.20 crore,Private / Unknown,False,"5 Marla Beautiful Ultra Modern House For Sale In Central Park Housing Society Lahore in Central Park Housing Scheme, Lahore · 4 bed · 5 bath · 5 Marla",https://www.zameen.com/Property/lahore_central_park_housing_scheme_5_marla_beautiful_ultra_modern_house_for_sale_in_central_park_housing_society_lahore-54721869-1013-1.html,park,
LAH-0031,Lahore,Park View City,House,Sale,4,4,1125,1125.0,18000000,1.80 crore,Park View,False,"5 Marla Modern Design House For Sale In Parkview City, Lahore in Park View City, Lahore · 4 bed · 4 bath · 5 Marla",https://www.zameen.com/Property/lahore_park_view_city_5_marla_modern_design_house_for_sale_in_parkview_city_lahore-54732104-1466-1.html,,
LAH-0032,Lahore,Bahria Town - Jinnah Block,House,Sale,5,7,2250,2250.0,53000000,5.30 crore,Bahria Town,False,"Luxurious Designer Owner-Built 10 Marla Modern Brand New House for Sale in Jinnah Block, Bahria Town Lahore | Ajmair Group in Bahria Town - Jinnah Block, Bahria Town - Sector E · 5 bed · 7 bath · 10 Marla",https://www.zameen.com/Property/bahria_town_sector_e_bahria_town_-_jinnah_block_luxurious_designer_owner-built_10_marla_modern_brand_new_house_for_sale_in_jinnah_block_bahria_town_lahore_ajmair_group-54433704-1804-1.html,brand_new,
LAH-0033,Lahore,Bahria Town - Sector E,House,Sale,5,6,2250,2250.0,36500000,3.65 crore,Bahria Town,False,"A TEN MARLA LAVISH HOUSE AVAILABLE AT PRIME LOCATION OF RAFI BLOCK BLOCK SECTER E, BAHRIA TOWN LAHORE in Bahria Town - Sector E, Bahria Town · 5 bed · 6 bath · 10 Marla",https://www.zameen.com/Property/bahria_town_bahria_town_-_sector_e_a_ten_marla_lavish_house_available_at_prime_location_of_rafi_block_block_secter_e_bahria_town_lahore-54711257-1802-1.html,,
LAH-0034,Lahore,Bahria Town - Nishtar Extension Block,House,Sale,5,7,2250,2250.0,49000000,4.90 crore,Bahria Town,False,"10 Marla Brand New House Available For Sale In Bahria Town Lahore | AJMAIR GROUP in Bahria Town - Nishtar Extension Block, Bahria Town - Sector E · 5 bed · 7 bath · 10 Marla",https://www.zameen.com/Property/bahria_town_sector_e_bahria_town_-_nishtar_extension_block_10_marla_brand_new_house_available_for_sale_in_bahria_town_lahore_ajmair_group-53559368-14414-1.html,brand_new,
LAH-0035,Lahore,Al-Kabir Phase 2 - Block E,House,Sale,3,3,675,675.0,13500000,1.35 crore,Private / Unknown,False,"Brand New 3 Marla House Available In Al-Kabir Phase 2 - Block E For Sale in Al-Kabir Phase 2 - Block E, Al-Kabir Town - Phase 2 · 3 bed · 3 bath · 3 Marla",https://www.zameen.com/Property/al_kabir_town_phase_2_al-kabir_phase_2_-_block_e_brand_new_3_marla_house_available_in_al-kabir_phase_2_-_block_e_for_sale-54287758-13022-1.html,brand_new,
LAH-0036,Lahore,DHA Phase 7 - Block U,House,Sale,6,6,4500,4500.0,72500000,7.25 crore,DHA,False,"100% Original Deal | DHA Phase 7 | 1 Kanal Brand New Ultramodern Luxury Bungalow | Architect: Mazhar Munir | Holizin Home Furniture | Top Notch Construction | Imported Tiles Architect World & Mona Lisa | Hot Location | Near Park in DHA Phase 7 - Block U, DHA Phase 7 · 6 bed · 6 bath · 1 Kanal",https://www.zameen.com/Property/dha_phase_7_dha_phase_7_-_block_u_100_original_deal_dha_phase_7_1_kanal_brand_new_ultramodern_luxury_bungalow_architect_mazhar_munir_holizin_home_furniture_top_notch_construction_imported_tiles_architect_world_mona_lisa_hot_location_near_park-53245949-1628-1.html,park|brand_new,
LAH-0037,Lahore,Park View City - Rose Block,House,Sale,4,4,1125,1125.0,24000000,2.40 crore,Park View,False,"5 Marla Brand Luxury House at Ideal Location in Rose Block Park View City Lahore in Park View City - Rose Block, Park View City · 4 bed · 4 bath · 5 Marla",https://www.zameen.com/Property/park_view_city_park_view_city_-_rose_block_5_marla_brand_luxury_house_at_ideal_location_in_rose_block_park_view_city_lahore-54255531-13322-1.html,,
LAH-0038,Lahore,Bahria Town - Sector F,Flat,Sale,1,1,990,990.0,23000000,2.30 crore,Bahria Town,False,"Luxury 1 Bed Furnished Apartment, Alexa Controlled & Eiffel Tower Facing SQ 99 Mall, Bahria Town Lahore in Bahria Town - Sector F, Bahria Town · 1 bed · 1 bath · 4.4 Marla",https://www.zameen.com/Property/bahria_town_bahria_town_-_sector_f_luxury_1_bed_furnished_apartment_alexa_controlled_eiffel_tower_facing_sq_99_mall_bahria_town_lahore-54784058-3097-1.html,furnished,
LAH-0039,Lahore,Aamir Town,House,Sale,3,3,2250,2250.0,27500000,2.75 crore,Private / Unknown,False,"10 Marla Single Storey House For Sale In Amir Town Harbanspura Lahore in Aamir Town, Harbanspura · 3 bed · 3 bath · 10 Marla",https://www.zameen.com/Property/harbanspura_aamir_town_10_marla_single_storey_house_for_sale_in_amir_town_harbanspura_lahore-53451068-3879-1.html,,
LAH-0040,Lahore,DHA Phase 5,House,Sale,3,4,1125,1125.0,29500000,2.95 crore,DHA,False,"05 MARLA FULLY RENOVATED ULTRA LUXURY HOUSE GAS INSTALLED IN DHA LAHORE PHASE 5 in DHA Phase 5, DHA Defence · 3 bed · 4 bath · 5 Marla",https://www.zameen.com/Property/dha_defence_dha_phase_5_05_marla_fully_renovated_ultra_luxury_house_gas_installed_in_dha_lahore_phase_5-54754565-1447-1.html,,
LAH-0041,Lahore,DHA 9 Town,House,Sale,3,4,1125,1125.0,25400000,2.54 crore,DHA,False,"O5 MARLA ULTRA LUXURY DESIGNER HOUSE ON PRIME LOCATION WALKING DISTANCE PARK & EASY EXCESS TO MAIN ROAD IN DHA LAHORE in DHA 9 Town, DHA Defence · 3 bed · 4 bath · 5 Marla",https://www.zameen.com/Property/dha_defence_dha_9_town_o5_marla_ultra_luxury_designer_house_on_prime_location_walking_distance_park_easy_excess_to_main_road_in_dha_lahore-54750350-1452-1.html,park,
LAH-0042,Lahore,DHA Phase 8 - Ex Park View,House,Sale,4,5,2250,2250.0,50000000,5.00 crore,DHA,False,"DHA PHASE 8 VILLA 10 MARLA in DHA Phase 8 - Ex Park View, DHA Phase 8 · 4 bed · 5 bath · 10 Marla",https://www.zameen.com/Property/dha_phase_8_dha_phase_8_-_ex_park_view_dha_phase_8_villa_10_marla-54772925-485-1.html,park,
LAH-0043,Lahore,Bahria Town - Sector D,Studio,Sale,,1,315,315.0,5800000,58.00 lac,Bahria Town,False,"STUDIO APARTMENT FOR SALE IN Bahria Town Lahore in Bahria Town - Sector D, Bahria Town · 1 bath · 1.4 Marla",https://www.zameen.com/Property/bahria_town_bahria_town_-_sector_d_studio_apartment_for_sale_in_bahria_town_lahore-53854204-1796-1.html,,bedrooms_missing
LAH-0044,Lahore,Paragon City,House,Sale,3,4,1125,1125.0,21000000,2.10 crore,Paragon,False,"5 Marla House For Sale In Paragon City Lahore in Paragon City, Lahore · 3 bed · 4 bath · 5 Marla",https://www.zameen.com/Property/lahore_paragon_city_5_marla_house_for_sale_in_paragon_city_lahore-50886192-1014-1.html,,
LAH-0045,Lahore,Bahria Town - Sector D,Studio,Sale,,1,292,292.5,5220000,52.20 lac,Bahria Town,False,"A Beautifully Designed Studio Apartment Is Available For Sale In A Prime And Highly Accessible Location. in Bahria Town - Sector D, Bahria Town · 1 bath · 1.3 Marla",https://www.zameen.com/Property/bahria_town_bahria_town_-_sector_d_a_beautifully_designed_studio_apartment_is_available_for_sale_in_a_prime_and_highly_accessible_location-53798740-1796-1.html,,bedrooms_missing
LAH-0046,Lahore,Paragon City - Orchard 1 Block,House,Sale,3,4,1125,1125.0,26500000,2.65 crore,Paragon,False,"5 Marla House For Sale In Paragon City Lahore in Paragon City - Orchard 1 Block, Paragon City · 3 bed · 4 bath · 5 Marla",https://www.zameen.com/Property/paragon_city_paragon_city_-_orchard_1_block_5_marla_house_for_sale_in_paragon_city_lahore-50755431-9249-1.html,,
LAH-0047,Lahore,Paragon City,House,Sale,5,6,2250,2250.0,48000000,4.80 crore,Paragon,False,"10 Marla House For Sale In Paragon City Lahore in Paragon City, Lahore · 5 bed · 6 bath · 10 Marla",https://www.zameen.com/Property/lahore_paragon_city_10_marla_house_for_sale_in_paragon_city_lahore-50764871-1014-1.html,,shared_description
LAH-0048,Lahore,Al Hafeez Garden - Phase 5,House,Sale,3,4,1125,1125.0,24000000,2.40 crore,Private / Unknown,False,"5 Marla Double Story Owner Build House For Sale in Al Hafeez Garden - Phase 5, Main Canal Bank Road · 3 bed · 4 bath · 5 Marla",https://www.zameen.com/Property/main_canal_bank_road_al_hafeez_garden_-_phase_5_5_marla_double_story_owner_build_house_for_sale-54758774-18829-1.html,garden_lawn,
LAH-0049,Lahore,Tulspura,House,Sale,4,4,1125,1125.0,17500000,1.75 crore,Private / Unknown,False,"5 Marla Double Storey House For Sale in Tulspura, Lahore · 4 bed · 4 bath · 5 Marla",https://www.zameen.com/Property/lahore_tulspura_5_marla_double_storey_house_for_sale-54695734-12166-1.html,,
LAH-0050,Lahore,Hamza Town Phase 2,House,Sale,3,3,562,562.5,6800000,68.00 lac,Private / Unknown,False,"2.5 Marla Brand New Low Budget House For Sale in Hamza Town Phase 2, Hamza Town · 3 bed · 3 bath · 2.5 Marla",https://www.zameen.com/Property/hamza_town_hamza_town_phase_2_2_5_marla_brand_new_low_budget_house_for_sale-54750195-18665-1.html,brand_new,
LAH-0051,Lahore,DHA Phase 6 - Block F,Commercial,Sale,5,6,4500,4500.0,125000000,12.50 crore,DHA,False,"One Kanal Brand New Luxury Ultra-Modern Design Most Beautiful Bungalow 2 Servant Quarter In Basement For Sale At Prime Location Of DHA Lahore Near To Park Masjid & Commercial Market in DHA Phase 6 - Block F, DHA Phase 6 · 5 bed · 6 bath · 1 Kanal",https://www.zameen.com/Property/dha_phase_6_dha_phase_6_-_block_f_one_kanal_brand_new_luxury_ultra-modern_design_most_beautiful_bungalow_2_servant_quarter_in_basement_for_sale_at_prime_location_of_dha_lahore_near_to_park_masjid_commercial_market-54707464-1615-1.html,basement|park|servant_quarter|mosque|brand_new,
LAH-0052,Lahore,MM Alam Road,Other,Sale,2,4,1575,1575.0,47500000,4.75 crore,Private / Unknown,False,"Premium Brand-New Residence Ready To Move in MM Alam Road, Gulberg · 2 bed · 4 bath · 7 Marla",https://www.zameen.com/Property/gulberg_mm_alam_road_premium_brand-new_residence_ready_to_move-54546007-3850-1.html,brand_new,
LAH-0053,Lahore,Air Avenue - Block M,House,Sale,5,6,2250,2250.0,56000000,5.60 crore,DHA,False,"10 MARLA MODERN DESIGNE TOP LOCATION BUNGALOW DHA LAHORE FOR SALE in Air Avenue - Block M, DHA Phase 8 - Ex Air Avenue · 5 bed · 6 bath · 10 Marla",https://www.zameen.com/Property/dha_phase_8_ex_air_avenue_air_avenue_-_block_m_10_marla_modern_designe_top_location_bungalow_dha_lahore_for_sale-54030599-8182-1.html,,
LAH-0054,Lahore,DHA Phase 6 - Block L,House,Sale,5,6,4500,4500.0,82500000,8.25 crore,DHA,False,"Modern & Luxurious 1 Kanal Fully Furnished House for Sale in DHA Phase 6, Block L in DHA Phase 6 - Block L, DHA Phase 6 · 5 bed · 6 bath · 1 Kanal",https://www.zameen.com/Property/dha_phase_6_dha_phase_6_-_block_l_modern_luxurious_1_kanal_fully_furnished_house_for_sale_in_dha_phase_6_block_l-54782573-1620-1.html,furnished,
LAH-0055,Lahore,Park View City,House,Sale,4,5,1125,1125.0,17500000,1.75 crore,Park View,False,"5 Marla Luxury House For Sale In ParkView City Lahore in Park View City, Lahore · 4 bed · 5 bath · 5 Marla",https://www.zameen.com/Property/lahore_park_view_city_5_marla_luxury_house_for_sale_in_parkview_city_lahore-52411579-1466-1.html,,
LAH-0056,Lahore,Bahria Town - Ghouri Block,House,Sale,5,7,4500,4500.0,97500000,9.75 crore,Bahria Town,False,"1 Kanal Spanish Style House For Sale In Ghouri Block, Bahria Town Lahore Hot Location Near Park, Market & More Chowk | Ajmair Group in Bahria Town - Ghouri Block, Bahria Town - Sector B · 5 bed · 7 bath · 1 Kanal",https://www.zameen.com/Property/bahria_town_sector_b_bahria_town_-_ghouri_block_1_kanal_spanish_style_house_for_sale_in_ghouri_block_bahria_town_lahore_hot_location_near_park_market_more_chowk_ajmair_group-54783587-1776-1.html,park,
LAH-0057,Lahore,Al-Kabir Town - Phase 2,House,Sale,3,4,675,675.0,16500000,1.65 crore,Private / Unknown,False,"Modern Design 3 Marla Brand New House For Sale In AL-Kabir Town Phase 2 in Al-Kabir Town - Phase 2, Al-Kabir Town · 3 bed · 4 bath · 3 Marla",https://www.zameen.com/Property/al_kabir_town_al-kabir_town_-_phase_2_modern_design_3_marla_brand_new_house_for_sale_in_al-kabir_town_phase_2-54719819-11704-1.html,brand_new,
LAH-0058,Lahore,Central Park Housing Scheme,House,Sale,5,6,2250,2250.0,42500000,4.25 crore,Private / Unknown,False,"10 Marla Beautiful House For Sale in Central Park Housing Scheme, Lahore · 5 bed · 6 bath · 10 Marla",https://www.zameen.com/Property/lahore_central_park_housing_scheme_10_marla_beautiful_house_for_sale-54734153-1013-1.html,park,
LAH-0059,Lahore,Bahria Town - Iqbal Block,House,Sale,5,6,2250,2250.0,57500000,5.75 crore,Bahria Town,False,"10 Marla Ultra Advance Modern Smart Features Designer Brand New House Available For Sale Meeting With Direct Owner5 Marla Ultra Advance Modern Smart Features Designer Brand New House Available For Sale Meeting With Direct Owner in Bahria Town - Iqbal Block, Bahria Town - Sector E · 5 bed · 6 bath · 10 Marla",https://www.zameen.com/Property/bahria_town_sector_e_bahria_town_-_iqbal_block_10_marla_ultra_advance_modern_smart_features_designer_brand_new_house_available_for_sale_meeting_with_direct_owner5_marla_ultra_advance_modern_smart_features_designer_brand_new_house_available_for_sale_meeting_with_direct_owner-54686194-1805-1.html,brand_new,
LAH-0060,Lahore,New Iqbal Park Cantt,House,Sale,3,3,1350,1350.0,30000000,3.00 crore,Private / Unknown,False,"Prime Location 6 Marla House In New Iqbal Park Cantt For Sale in New Iqbal Park Cantt, Cantt · 3 bed · 3 bath · 6 Marla",https://www.zameen.com/Property/cantt_new_iqbal_park_cantt_prime_location_6_marla_house_in_new_iqbal_park_cantt_for_sale-54684572-8398-1.html,park,
LAH-0061,Lahore,Park View City - Platinum Block,House,Sale,4,4,1125,1125.0,20000000,2.00 crore,Park View,False,"On Excellent Location House For sale In Rs. 20000000 in Park View City - Platinum Block, Park View City · 4 bed · 4 bath · 5 Marla",https://www.zameen.com/Property/park_view_city_park_view_city_-_platinum_block_on_excellent_location_house_for_sale_in_rs_20000000-54021566-16617-1.html,,
LAH-0062,Lahore,DHA 9 Town,House,Sale,3,4,1125,1125.0,28000000,2.80 crore,DHA,False,"5 Marla Modern House for Sale Prime Location in DHA 9 Town, DHA Defence · 3 bed · 4 bath · 5 Marla",https://www.zameen.com/Property/dha_defence_dha_9_town_5_marla_modern_house_for_sale_prime_location-54730896-1452-1.html,,
LAH-0063,Lahore,Park View City,House,Sale,5,6,2250,2250.0,32000000,3.20 crore,Park View,True,"3 Years Installments Plan 10 Marla Brand New House For Sale In Park View City in Park View City, Lahore · 5 bed · 6 bath · 10 Marla",https://www.zameen.com/Property/lahore_park_view_city_3_years_installments_plan_10_marla_brand_new_house_for_sale_in_park_view_city-54589608-1466-1.html,brand_new,
LAH-0064,Lahore,Askari 10 - Sector S,Flat,Sale,4,5,2700,2700.0,51000000,5.10 crore,Private / Unknown,False,"Beautiful Brand New 4beds Apartment available for Sale in Askari-10 in Askari 10 - Sector S, Askari 10 · 4 bed · 5 bath · 12 Marla",https://www.zameen.com/Property/askari_10_askari_10_-_sector_s_beautiful_brand_new_4beds_apartment_available_for_sale_in_askari-10-54564383-21434-1.html,brand_new,
LAH-0065,Lahore,Dream Gardens,Studio,Sale,,1,202,202.5,4800000,48.00 lac,Private / Unknown,False,"Studio Apartment Core 1 For Sale In Dream Gardens Lahore Ph 1 in Dream Gardens, Defence Road · 1 bath · 0.9 Marla",https://www.zameen.com/Property/defence_road_dream_gardens_studio_apartment_core_1_for_sale_in_dream_gardens_lahore_ph_1-54772503-4393-1.html,,bedrooms_missing
LAH-0066,Lahore,Dream Gardens,House,Sale,4,5,1125,1125.0,26000000,2.60 crore,Private / Unknown,False,"5 Marla House For Sale In Dream Gardens Lahore Ph 2 in Dream Gardens, Defence Road · 4 bed · 5 bath · 5 Marla",https://www.zameen.com/Property/defence_road_dream_gardens_5_marla_house_for_sale_in_dream_gardens_lahore_ph_2-54754610-4393-1.html,,
LAH-0067,Lahore,DHA Phase 1 - Block D,House,Sale,5,6,4500,4500.0,87500000,8.75 crore,DHA,False,"1 Kanal Brand New Modern Design Lavish House For Sale In DHA Phase 1 in DHA Phase 1 - Block D, DHA Phase 1 · 5 bed · 6 bath · 1 Kanal",https://www.zameen.com/Property/dha_phase_1_dha_phase_1_-_block_d_1_kanal_brand_new_modern_design_lavish_house_for_sale_in_dha_phase_1-54784061-1566-1.html,brand_new,
LAH-0068,Lahore,DHA 11 Rahbar Sector 2,House,Sale,3,4,1125,1125.0,29000000,2.90 crore,DHA,False,"5 Marla Brand New House For sale In Dha Rahber in DHA 11 Rahbar Sector 2, DHA 11 Rahbar · 3 bed · 4 bath · 5 Marla",https://www.zameen.com/Property/dha_11_rahbar_dha_11_rahbar_sector_2_5_marla_brand_new_house_for_sale_in_dha_rahber-54784052-3717-1.html,brand_new,
LAH-0069,Lahore,Central Park - Block A1,House,Sale,4,4,1125,1125.0,25500000,2.55 crore,Private / Unknown,False,"Brand New 5 Marla House for Sale in A1 Block, Central Park Lahore in Central Park - Block A1, Central Park Housing Scheme · 4 bed · 4 bath · 5 Marla",https://www.zameen.com/Property/central_park_housing_scheme_central_park_-_block_a1_brand_new_5_marla_house_for_sale_in_a1_block_central_park_lahore-54784046-17927-1.html,park|brand_new,
LAH-0070,Lahore,Allama Iqbal Town,House,Sale,5,5,2250,2250.0,47500000,4.75 crore,Private / Unknown,False,"10 Marlah House Vip Location For sale in Allama Iqbal Town, Lahore · 5 bed · 5 bath · 10 Marla",https://www.zameen.com/Property/lahore_allama_iqbal_town_10_marlah_house_vip_location_for_sale-53866390-58-1.html,,
LAH-0071,Lahore,DHA Phase 6,House,Sale,6,6,4500,4500.0,91900000,9.19 crore,DHA,False,"DHA Phase 6 | 1 Kanal Brand New Ultra Luxury Bungalow | Mazhar Munir | Full Basement | Swimming Pool | Cinema | Holizin Home Furniture | Grohe & Porta Installed | Imported Tiles Architect World & H-Verse | Hot Location Near Dolmen Mall | 100% Original Deal in DHA Phase 6, DHA Defence · 6 bed · 6 bath · 1 Kanal",https://www.zameen.com/Property/dha_defence_dha_phase_6_dha_phase_6_1_kanal_brand_new_ultra_luxury_bungalow_mazhar_munir_full_basement_swimming_pool_cinema_holizin_home_furniture_grohe_porta_installed_imported_tiles_architect_world_h-verse_hot_location_near_dolmen_mall_100_original_deal-53532647-1448-1.html,swimming_pool|basement|home_theatre|brand_new,
LAH-0072,Lahore,Shalimar Town,House,Sale,2,2,562,562.5,11000000,1.10 crore,Private / Unknown,False,"Well kept and maintained house in Shalimar Town, Lahore · 2 bed · 2 bath · 2.5 Marla",https://www.zameen.com/Property/lahore_shalimar_town_well_kept_and_maintained_house-54783999-1106-1.html,,
LAH-0073,Lahore,Defence Raya,Flat,Sale,1,2,967,967.5,40000000,4.00 crore,DHA,False,"1 Bed Fully Furnished Apartment for Sale Defence Raya Golf Resort in Defence Raya, DHA Defence · 1 bed · 2 bath · 4.3 Marla",https://www.zameen.com/Property/dha_defence_defence_raya_1_bed_fully_furnished_apartment_for_sale_defence_raya_golf_resort-54784004-8172-1.html,furnished,
LAH-0074,Lahore,DHA Phase 4 - Block DD,House,Sale,6,7,4500,4500.0,90000000,9.00 crore,DHA,False,"1 KANAL FULL BASEMENT TRIPLE UNITE HOUSE FOR SALE IN DHA PHASE 4 in DHA Phase 4 - Block DD, DHA Phase 4 · 6 bed · 7 bath · 1 Kanal",https://www.zameen.com/Property/dha_phase_4_dha_phase_4_-_block_dd_1_kanal_full_basement_triple_unite_house_for_sale_in_dha_phase_4-54784005-1592-1.html,basement,
LAH-0075,Lahore,Johar Town,House,Sale,5,6,2250,2250.0,51500000,5.15 crore,Private / Unknown,False,"10 Marla Pair Brand New Luxury House For Sale In Johar Town Hot Location in Johar Town, Lahore · 5 bed · 6 bath · 10 Marla",https://www.zameen.com/Property/lahore_johar_town_10_marla_pair_brand_new_luxury_house_for_sale_in_johar_town_hot_location-54499325-93-1.html,brand_new,
LAH-0076,Lahore,Al Hafeez Garden - Phase 2,House,Sale,3,3,720,722.2,10500000,1.05 crore,Private / Unknown,False,"Ideal 3.21 Marla House For Sale Best Investment Opportunity in Al Hafeez Garden - Phase 2, Main Canal Bank Road · 3 bed · 3 bath · 3.2 Marla",https://www.zameen.com/Property/main_canal_bank_road_al_hafeez_garden_-_phase_2_ideal_3_21_marla_house_for_sale_best_investment_opportunity-54700019-11172-1.html,garden_lawn,size_conflict
LAH-0077,Lahore,DHA Phase 6,House,Sale,5,6,4500,4500.0,91500000,9.15 crore,DHA,False,"100% ORIGNAL KANAL ULTRA MODERN SUPER LUXURY BUNGALOW FOR SALE ON TOP LACTION in DHA Phase 6, DHA Defence · 5 bed · 6 bath · 1 Kanal",https://www.zameen.com/Property/dha_defence_dha_phase_6_100_orignal_kanal_ultra_modern_super_luxury_bungalow_for_sale_on_top_laction-54363528-1448-1.html,,
LAH-0078,Lahore,DHA Phase 7,Other,Sale,5,5,4500,4500.0,97500000,9.75 crore,DHA,False,"1 Kanal Architectural Masterpiece Modern Luxury in DHA Phase 7, DHA Defence · 5 bed · 5 bath · 1 Kanal",https://www.zameen.com/Property/dha_defence_dha_phase_7_1_kanal_architectural_masterpiece_modern_luxury-54668652-1450-1.html,,
LAH-0079,Lahore,DHA Phase 7 - Block Y,House,Sale,5,7,4500,4500.0,130000000,13.00 crore,DHA,False,"Your Next Chapter Begins Here Beautiful 1 Kanal House in DHA Phase 7 - Block Y, DHA Phase 7 · 5 bed · 7 bath · 1 Kanal",https://www.zameen.com/Property/dha_phase_7_dha_phase_7_-_block_y_your_next_chapter_begins_here_beautiful_1_kanal_house-54676669-1632-1.html,,
LAH-0080,Lahore,Bismillah Housing Scheme,House,Sale,6,6,2250,2250.0,47000000,4.70 crore,Private / Unknown,False,"Own A Facing Park House In 10 Marla Lahore in Bismillah Housing Scheme, GT Road · 6 bed · 6 bath · 10 Marla",https://www.zameen.com/Property/gt_road_bismillah_housing_scheme_own_a_facing_park_house_in_10_marla_lahore-54688403-8446-1.html,park,
LAH-0081,Lahore,Park View City - Topaz Extension Block,House,Sale,4,4,1125,1125.0,21500000,2.15 crore,Park View,False,"5 Marla Brand New House For Sale Parkview City Lahore Topaz Extension Block in Park View City - Topaz Extension Block, Park View City · 4 bed · 4 bath · 5 Marla",https://www.zameen.com/Property/park_view_city_park_view_city_-_topaz_extension_block_5_marla_brand_new_house_for_sale_parkview_city_lahore_topaz_extension_block-54709772-20084-1.html,brand_new,
LAH-0082,Lahore,Bismillah Housing Scheme - Haider Block,House,Sale,3,4,1125,1125.0,22000000,2.20 crore,Private / Unknown,False,"Prime Location Bismillah Housing Scheme - Haider Block House Sized 5 Marla Is Available in Bismillah Housing Scheme - Haider Block, Bismillah Housing Scheme · 3 bed · 4 bath · 5 Marla",https://www.zameen.com/Property/bismillah_housing_scheme_bismillah_housing_scheme_-_haider_block_prime_location_bismillah_housing_scheme_-_haider_block_house_sized_5_marla_is_available-54732930-15551-1.html,,
LAH-0083,Lahore,Park View City - Executive Block,House,Sale,4,4,1125,1125.0,24500000,2.45 crore,Park View,False,"5 Marla Brand-New House For Sale Executive Block In Park View City Lahore in Park View City - Executive Block, Park View City · 4 bed · 4 bath · 5 Marla",https://www.zameen.com/Property/park_view_city_park_view_city_-_executive_block_5_marla_brand-new_house_for_sale_executive_block_in_park_view_city_lahore-54783382-17598-1.html,brand_new,
LAH-0084,Lahore,DHA Phase 7,House,Sale,5,6,4500,4500.0,87500000,8.75 crore,DHA,False,"Fully Furnished 1 Kanal Super Luxury Architectural Designer Bungalow for Sale | DHA Phase 7 Prime Block in DHA Phase 7, DHA Defence · 5 bed · 6 bath · 1 Kanal",https://www.zameen.com/Property/dha_defence_dha_phase_7_fully_furnished_1_kanal_super_luxury_architectural_designer_bungalow_for_sale_dha_phase_7_prime_block-53610607-1450-1.html,furnished,
LAH-0085,Lahore,Gulberg 2 - Block F,House,Sale,8,7,5400,5400.0,122500000,12.25 crore,Private / Unknown,False,"Top Location Old Good House Gulberg 2 Block F For Sale in Gulberg 2 - Block F, Gulberg 2 · 8 bed · 7 bath · 1.2 Kanal",https://www.zameen.com/Property/gulberg_2_gulberg_2_-_block_f_top_location_old_good_house_gulberg_2_block_f_for_sale-53267107-3813-1.html,,
LAH-0086,Lahore,DHA Phase 6 - Block K,House,Sale,6,7,4500,4500.0,195000000,19.50 crore,DHA,False,"Fully Furnished With Swimming Pool & Cinema Theater 1 Kanal Ultra Modern House For Sale In DHA Phase 6 in DHA Phase 6 - Block K, DHA Phase 6 · 6 bed · 7 bath · 1 Kanal",https://www.zameen.com/Property/dha_phase_6_dha_phase_6_-_block_k_fully_furnished_with_swimming_pool_cinema_theater_1_kanal_ultra_modern_house_for_sale_in_dha_phase_6-54065837-1619-1.html,swimming_pool|furnished|home_theatre,
LAH-0087,Lahore,Dream Gardens,House,Sale,7,6,2250,2250.0,47000000,4.70 crore,Private / Unknown,False,"10 Marla House For Sale In Dream Gardens Lahore Ph 2 in Dream Gardens, Defence Road · 7 bed · 6 bath · 10 Marla",https://www.zameen.com/Property/defence_road_dream_gardens_10_marla_house_for_sale_in_dream_gardens_lahore_ph_2-54754223-4393-1.html,,
LAH-0088,Lahore,Al-Ahmad Garden Housing Scheme,House,Sale,4,5,1125,1125.0,21500000,2.15 crore,Private / Unknown,False,"5 Marla House For Sale in Al-Ahmad Garden Housing Scheme, GT Road · 4 bed · 5 bath · 5 Marla",https://www.zameen.com/Property/gt_road_al-ahmad_garden_housing_scheme_5_marla_house_for_sale-54222148-9707-1.html,garden_lawn,
LAH-0089,Lahore,DHA 9 Town,House,Sale,3,4,1125,1125.0,25000000,2.50 crore,DHA,False,"5 Marla Lavish Bungalow on Prime Location of DHA Phase 9 Town DHA Lahore For Sale in DHA 9 Town, DHA Defence · 3 bed · 4 bath · 5 Marla",https://www.zameen.com/Property/dha_defence_dha_9_town_5_marla_lavish_bungalow_on_prime_location_of_dha_phase_9_town_dha_lahore_for_sale-54783414-1452-1.html,,
LAH-0090,Lahore,Bismillah Housing Scheme,House,Sale,3,4,675,675.0,14000000,1.40 crore,Private / Unknown,False,"3 Marla House For Sale in Bismillah Housing Scheme, GT Road · 3 bed · 4 bath · 3 Marla",https://www.zameen.com/Property/gt_road_bismillah_housing_scheme_3_marla_house_for_sale-53755117-8446-1.html,,
LAH-0091,Lahore,Bismillah Housing Scheme,House,Sale,4,4,1125,1125.0,25500000,2.55 crore,Private / Unknown,False,"5 Marla House Double Storey Brand New For Sale in Bismillah Housing Scheme, GT Road · 4 bed · 4 bath · 5 Marla",https://www.zameen.com/Property/gt_road_bismillah_housing_scheme_5_marla_house_double_storey_brand_new_for_sale-54252436-8446-1.html,brand_new,
LAH-0092,Lahore,DHA Phase 7,House,Sale,5,6,4500,4500.0,155000000,15.50 crore,DHA,False,"FULLY FURNISHED BRAND NEW LUXURY 1 KANAL HOUSE FOR SALE in DHA Phase 7, DHA Defence · 5 bed · 6 bath · 1 Kanal",https://www.zameen.com/Property/dha_defence_dha_phase_7_fully_furnished_brand_new_luxury_1_kanal_house_for_sale-54784000-1450-1.html,furnished|brand_new,
LAH-0093,Lahore,DHA Phase 7,House,Sale,5,6,5400,5400.0,79500000,7.95 crore,DHA,False,"25 Marla Basement Most Beautiful Designer House For Sale At Prime Location Of DHA Phase 7 in DHA Phase 7, DHA Defence · 5 bed · 6 bath · 1.2 Kanal",https://www.zameen.com/Property/dha_defence_dha_phase_7_25_marla_basement_most_beautiful_designer_house_for_sale_at_prime_location_of_dha_phase_7-54783996-1450-1.html,basement,
LAH-0094,Lahore,PAF Falcon Complex,House,Sale,4,4,3150,3150.0,105000000,10.50 crore,Private / Unknown,False,"14 Marla Falcon House For Sale In PAF Falcon Complex Lahore in PAF Falcon Complex, Gulberg · 4 bed · 4 bath · 14 Marla",https://www.zameen.com/Property/gulberg_paf_falcon_complex_14_marla_falcon_house_for_sale_in_paf_falcon_complex_lahore-54560368-3102-1.html,,
LAH-0095,Lahore,DHA Phase 5 - Block F,House,Sale,5,6,4500,4500.0,125500000,12.55 crore,DHA,False,"100% Original Picture 1 Kanal Brand New House For Sale In DHA Lahore Phase 6 Near To Defence Raya & Big Park Very Reasonable Price in DHA Phase 5 - Block F, DHA Phase 5 · 5 bed · 6 bath · 1 Kanal",https://www.zameen.com/Property/dha_phase_5_dha_phase_5_-_block_f_100_original_picture_1_kanal_brand_new_house_for_sale_in_dha_lahore_phase_6_near_to_defence_raya_big_park_very_reasonable_price-54705541-1603-1.html,park|brand_new,
LAH-0096,Lahore,Lake City Meadows,House,Sale,5,5,2250,2250.0,41500000,4.15 crore,Private / Unknown,False,"Prime Location 10 Marla House For Sale In Lake City Meadows, Lahore in Lake City Meadows, Lahore · 5 bed · 5 bath · 10 Marla",https://www.zameen.com/Property/lahore_lake_city_meadows_prime_location_10_marla_house_for_sale_in_lake_city_meadows_lahore-54636374-487-1.html,,
LAH-0097,Lahore,Gulberg,Flat,Sale,2,2,2250,2250.0,60000000,6.00 crore,Private / Unknown,False,"10 Marla Apartment For Sale In Gulberg Near Liberty Market, Lahore in Gulberg, Lahore · 2 bed · 2 bath · 10 Marla",https://www.zameen.com/Property/lahore_gulberg_10_marla_apartment_for_sale_in_gulberg_near_liberty_market_lahore-54676043-7-1.html,,
LAH-0098,Lahore,Park View City,House,Sale,5,6,2250,2250.0,34000000,3.40 crore,Park View,True,"3 Years Installment Plan Luxury 10 Marla Brand New House In Park View City Lahore in Park View City, Lahore · 5 bed · 6 bath · 10 Marla",https://www.zameen.com/Property/lahore_park_view_city_3_years_installment_plan_luxury_10_marla_brand_new_house_in_park_view_city_lahore-54189121-1466-1.html,brand_new,
LAH-0099,Lahore,Park View City,House,Sale,4,5,1125,1125.0,15000000,1.50 crore,Park View,True,"3 Years Installment Plan Luxury 5 Marla Brand New House In Park View City Lahore in Park View City, Lahore · 4 bed · 5 bath · 5 Marla",https://www.zameen.com/Property/lahore_park_view_city_3_years_installment_plan_luxury_5_marla_brand_new_house_in_park_view_city_lahore-54185637-1466-1.html,brand_new,shared_description
LAH-0100,Lahore,Etihad Town Phase 1,House,Sale,5,6,2250,2250.0,62500000,6.25 crore,Private / Unknown,False,"Prime Location House In Etihad Town Phase 1 For Sale in Etihad Town Phase 1, Etihad Town · 5 bed · 6 bath · 10 Marla",https://www.zameen.com/Property/etihad_town_etihad_town_phase_1_prime_location_house_in_etihad_town_phase_1_for_sale-54541258-16882-1.html,,
LAH-0101,Lahore,Bahria Orchard,House,Sale,4,4,1800,1800.0,30000000,3.00 crore,Private / Unknown,False,"Prime Location 8 Marla House In Bahria Orchard Best Option in Bahria Orchard, Lahore · 4 bed · 4 bath · 8 Marla",https://www.zameen.com/Property/lahore_bahria_orchard_prime_location_8_marla_house_in_bahria_orchard_best_option-54526720-1474-1.html,,
LAH-0102,Lahore,Bahria Nasheman - Zinia,House,Sale,5,5,1800,1800.0,26000000,2.60 crore,Private / Unknown,False,"8 Marla Brand New Luxury Villa | 5 Bed Attached Bath | Zinnia Block - Bahria Nasheman in Bahria Nasheman - Zinia, Bahria Nasheman · 5 bed · 5 bath · 8 Marla",https://www.zameen.com/Property/bahria_nasheman_bahria_nasheman_-_zinia_8_marla_brand_new_luxury_villa_5_bed_attached_bath_zinnia_block_-_bahria_nasheman-54758919-4511-1.html,brand_new,
LAH-0103,Lahore,DHA Phase 6,House,Sale,5,6,4500,4500.0,164500000,16.45 crore,DHA,False,"High-End 1-Kanal Brand New House For Sale in DHA Phase 6 Fully Furnished Modern Design, Peaceful Environment & Premium Construction Quality in DHA Phase 6, DHA Defence · 5 bed · 6 bath · 1 Kanal",https://www.zameen.com/Property/dha_defence_dha_phase_6_high-end_1-kanal_brand_new_house_for_sale_in_dha_phase_6_fully_furnished_modern_design_peaceful_environment_premium_construction_quality-54716625-1448-1.html,furnished|brand_new,
LAH-0104,Lahore,Bedian Road,Farm House,Sale,4,4,99000,99000.0,210000000,21.00 crore,Private / Unknown,False,"22 Kanal Beautiful Farmhouse For Sale Bedian Road, Lahore in Bedian Road, Lahore · 4 bed · 4 bath · 22 Kanal",https://www.zameen.com/Property/lahore_bedian_road_22_kanal_beautiful_farmhouse_for_sale_bedian_road_lahore-52893852-378-1.html,,price_per_sqft_outlier
LAH-0105,Lahore,Askari 9 - Block B,House,Sale,4,5,2250,2250.0,51500000,5.15 crore,Private / Unknown,False,"Beautiful House 4 Bedrooms Available For Sale In Askari-9. in Askari 9 - Block B, Askari 9 · 4 bed · 5 bath · 10 Marla",https://www.zameen.com/Property/askari_9_askari_9_-_block_b_beautiful_house_4_bedrooms_available_for_sale_in_askari-9-54569939-9426-1.html,,
LAH-0106,Lahore,DHA Phase 6,House,Sale,5,6,4500,4500.0,135000000,13.50 crore,DHA,False,"1 Kanal Luxury Bungalow For Sale In DHA Phase 6 Lahore 5 Bedrooms | Premium Finishes in DHA Phase 6, DHA Defence · 5 bed · 6 bath · 1 Kanal",https://www.zameen.com/Property/dha_defence_dha_phase_6_1_kanal_luxury_bungalow_for_sale_in_dha_phase_6_lahore_5_bedrooms_premium_finishes-54694816-1448-1.html,,
LAH-0107,Lahore,DHA 9 Town - Block D,House,Sale,3,4,1125,1125.0,33500000,3.35 crore,DHA,False,"Idyllic Prime Location House Available In DHA 9 Town - Block D For Sale in DHA 9 Town - Block D, DHA 9 Town · 3 bed · 4 bath · 5 Marla",https://www.zameen.com/Property/dha_9_town_dha_9_town_-_block_d_idyllic_prime_location_house_available_in_dha_9_town_-_block_d_for_sale-54781286-8176-1.html,,
LAH-0108,Lahore,DHA Phase 5 - Block B,House,Sale,5,6,4500,4500.0,95000000,9.50 crore,DHA,False,"Prime Location 1 Kanal House For Sale In DHA Phase 5 - Block B in DHA Phase 5 - Block B, DHA Phase 5 · 5 bed · 6 bath · 1 Kanal",https://www.zameen.com/Property/dha_phase_5_dha_phase_5_-_block_b_prime_location_1_kanal_house_for_sale_in_dha_phase_5_-_block_b-54781453-1599-1.html,,
LAH-0109,Lahore,Bismillah Housing Scheme,House,Sale,3,4,675,675.0,14500000,1.45 crore,Private / Unknown,False,"3 Marla House For Sale Bismillah Housing Scheme Phase 1 in Bismillah Housing Scheme, GT Road · 3 bed · 4 bath · 3 Marla",https://www.zameen.com/Property/gt_road_bismillah_housing_scheme_3_marla_house_for_sale_bismillah_housing_scheme_phase_1-54653586-8446-1.html,,
LAH-0110,Lahore,DHA Phase 7 - Block U,House,Sale,4,5,2250,2250.0,54900000,5.49 crore,DHA,False,"10 Marla Premium Luxury Top Notch Banglow House For Sale In DHA Phase 7 | Prime Location | Modern Architecture | Spacious & Elegant Design | Excellent Investment Opportunity in DHA Phase 7 - Block U, DHA Phase 7 · 4 bed · 5 bath · 10 Marla",https://www.zameen.com/Property/dha_phase_7_dha_phase_7_-_block_u_10_marla_premium_luxury_top_notch_banglow_house_for_sale_in_dha_phase_7_prime_location_modern_architecture_spacious_elegant_design_excellent_investment_opportunity-54704087-1628-1.html,,
LAH-0111,Lahore,DHA 9 Town,House,Sale,3,4,1125,1125.0,31500000,3.15 crore,DHA,False,"5 Marla Brand New Architectural Masterpiece House For Sale in DHA 9 Town, DHA Defence · 3 bed · 4 bath · 5 Marla",https://www.zameen.com/Property/dha_defence_dha_9_town_5_marla_brand_new_architectural_masterpiece_house_for_sale-54733442-1452-1.html,brand_new,
LAH-0112,Lahore,Bahria Town - Sector E,House,Sale,5,7,2250,2250.0,47500000,4.75 crore,Bahria Town,False,"Luxurious Designer Owner Build 10 Marla Modren Design Brand New House For Sale In Bahria Town Lahore in Bahria Town - Sector E, Bahria Town · 5 bed · 7 bath · 10 Marla",https://www.zameen.com/Property/bahria_town_bahria_town_-_sector_e_luxurious_designer_owner_build_10_marla_modren_design_brand_new_house_for_sale_in_bahria_town_lahore-54340236-1802-1.html,brand_new,
LAH-0113,Lahore,Bahria Town - Sector E,House,Sale,3,5,1125,1125.0,27000000,2.70 crore,Bahria Town,False,"Luxurious Designer Owner Build 5 Marla Modren Design Brand New House For Sale In Bahria Town Lahore in Bahria Town - Sector E, Bahria Town · 3 bed · 5 bath · 5 Marla",https://www.zameen.com/Property/bahria_town_bahria_town_-_sector_e_luxurious_designer_owner_build_5_marla_modren_design_brand_new_house_for_sale_in_bahria_town_lahore-54338121-1802-1.html,brand_new,
LAH-0114,Lahore,DHA Phase 6 - Block K,House,Sale,5,6,4500,4500.0,105000000,10.50 crore,DHA,False,"1 Kanal House for Sale in DHA Lahore | Luxury 1 Kanal House | Prime Location | Hot Deal in DHA Phase 6 - Block K, DHA Phase 6 · 5 bed · 6 bath · 1 Kanal",https://www.zameen.com/Property/dha_phase_6_dha_phase_6_-_block_k_1_kanal_house_for_sale_in_dha_lahore_luxury_1_kanal_house_prime_location_hot_deal-54783779-1619-1.html,,
LAH-0115,Lahore,Bismillah Housing Scheme,House,Sale,3,4,1125,1125.0,26000000,2.60 crore,Private / Unknown,False,"*5 Marla Beautiful Modren Design House For Sale* in Bismillah Housing Scheme, GT Road · 3 bed · 4 bath · 5 Marla",https://www.zameen.com/Property/gt_road_bismillah_housing_scheme_5_marla_beautiful_modren_design_house_for_sale-54356531-8446-1.html,,
LAH-0116,Lahore,DHA Phase 7 - Block Y,House,Sale,5,5,4500,4500.0,180000000,18.00 crore,DHA,False,"1 Kanal Fully Furnished House For Sale In Y Block, DHA Phase 7, Lahore in DHA Phase 7 - Block Y, DHA Phase 7 · 5 bed · 5 bath · 1 Kanal",https://www.zameen.com/Property/dha_phase_7_dha_phase_7_-_block_y_1_kanal_fully_furnished_house_for_sale_in_y_block_dha_phase_7_lahore-54751943-1632-1.html,furnished,
LAH-0117,Lahore,Park View City,House,Sale,4,5,1125,1125.0,22000000,2.20 crore,Park View,True,"3 Years Installment Plan Luxury 5 Marla Brand New House In Park View City Lahore in Park View City, Lahore · 4 bed · 5 bath · 5 Marla",https://www.zameen.com/Property/lahore_park_view_city_3_years_installment_plan_luxury_5_marla_brand_new_house_in_park_view_city_lahore-54185681-1466-1.html,brand_new,shared_description
LAH-0118,Lahore,DHA Phase 6 - Block K,House,Sale,5,5,4500,4500.0,145000000,14.50 crore,DHA,False,"Fully Furnished 1 Kanal Modern Design House with Basement, 15 kW Solar & 2 Servant Quarters for Sale in K Block, DHA Phase 6, Lahore in DHA Phase 6 - Block K, DHA Phase 6 · 5 bed · 5 bath · 1 Kanal",https://www.zameen.com/Property/dha_phase_6_dha_phase_6_-_block_k_fully_furnished_1_kanal_modern_design_house_with_basement_15_kw_solar_2_servant_quarters_for_sale_in_k_block_dha_phase_6_lahore-54774121-1619-1.html,basement|furnished|solar|servant_quarter,
LAH-0119,Lahore,Park View City,House,Sale,4,5,1125,1125.0,16000000,1.60 crore,Park View,True,"3 Years Installment Plan Luxury 5 Marla Brand New House In Park View City Lahore in Park View City, Lahore · 4 bed · 5 bath · 5 Marla",https://www.zameen.com/Property/lahore_park_view_city_3_years_installment_plan_luxury_5_marla_brand_new_house_in_park_view_city_lahore-54188767-1466-1.html,brand_new,shared_description
LAH-0120,Lahore,DHA Phase 7 - Block S,House,Sale,5,5,4500,4500.0,169000000,16.90 crore,DHA,False,"Fully Furnished Brand New 1 Kanal Park-Facing House for Sale in S Block, DHA Phase 7 Lahore in DHA Phase 7 - Block S, DHA Phase 7 · 5 bed · 5 bath · 1 Kanal",https://www.zameen.com/Property/dha_phase_7_dha_phase_7_-_block_s_fully_furnished_brand_new_1_kanal_park-facing_house_for_sale_in_s_block_dha_phase_7_lahore-54774234-1626-1.html,furnished|park|brand_new,
LAH-0121,Lahore,Bedian Road,Farm House,Sale,2,2,18000,18000.0,120000000,12.00 crore,DHA,False,"Luxury 4 Kanal Fully Furnished Farmhouse For Sale Attached To DHA Lahore in Bedian Road, Lahore · 2 bed · 2 bath · 4 Kanal",https://www.zameen.com/Property/lahore_bedian_road_luxury_4_kanal_fully_furnished_farmhouse_for_sale_attached_to_dha_lahore-54485437-378-1.html,furnished,price_per_sqft_outlier
LAH-0122,Lahore,DHA Phase 7 - Block Q,House,Sale,5,6,4500,4500.0,119000000,11.90 crore,DHA,False,"1 KANAL | 5-BEDROOM LUXURY HOUSE FOR SALE IN DHA PHASE 7, LAHORE in DHA Phase 7 - Block Q, DHA Phase 7 · 5 bed · 6 bath · 1 Kanal",https://www.zameen.com/Property/dha_phase_7_dha_phase_7_-_block_q_1_kanal_5-bedroom_luxury_house_for_sale_in_dha_phase_7_lahore-54731474-1624-1.html,,
LAH-0123,Lahore,DHA Phase 6,Commercial,Sale,6,6,4500,4500.0,97500000,9.75 crore,DHA,False,"One Kanal Brand New Luxury Ultra-Modern Design Most Beautiful Full Basement Fully Furnished Home Theater Swimming Pool Bungalow For Sale At Prime Of DHA Lahore Near To Commercial MARKET in DHA Phase 6, DHA Defence · 6 bed · 6 bath · 1 Kanal",https://www.zameen.com/Property/dha_defence_dha_phase_6_one_kanal_brand_new_luxury_ultra-modern_design_most_beautiful_full_basement_fully_furnished_home_theater_swimming_pool_bungalow_for_sale_at_prime_of_dha_lahore_near_to_commercial_market-50769826-1448-1.html,swimming_pool|basement|furnished|home_theatre|brand_new,
LAH-0124,Lahore,DHA Phase 1 - Block M,Commercial,Sale,6,7,9000,9000.0,165000000,16.50 crore,DHA,False,"2 Kanal Slightly Used Luxury Ultra-Modern Design Most Beautiful Bungalow For Sale At Prime Location Of DHA Lahore Near To Park Masjid &Commercial Market in DHA Phase 1 - Block M, DHA Phase 1 · 6 bed · 7 bath · 2 Kanal",https://www.zameen.com/Property/dha_phase_1_dha_phase_1_-_block_m_2_kanal_slightly_used_luxury_ultra-modern_design_most_beautiful_bungalow_for_sale_at_prime_location_of_dha_lahore_near_to_park_masjid_commercial_market-53085118-1653-1.html,park|mosque,
LAH-0125,Lahore,DHA Phase 6 - Block G,Commercial,Sale,5,6,4500,4500.0,175000000,17.50 crore,DHA,False,"One Kanal Brand New Luxury Ultra-Modern Design Most Beautiful Fully Furnished Bungalow 2 Servant Quarter In Basement For Sale At Prime Location Of DHA Lahore Near To Park Masjid & Commercial Market. in DHA Phase 6 - Block G, DHA Phase 6 · 5 bed · 6 bath · 1 Kanal",https://www.zameen.com/Property/dha_phase_6_dha_phase_6_-_block_g_one_kanal_brand_new_luxury_ultra-modern_design_most_beautiful_fully_furnished_bungalow_2_servant_quarter_in_basement_for_sale_at_prime_location_of_dha_lahore_near_to_park_masjid_commercial_market-54744015-1616-1.html,basement|furnished|park|servant_quarter|mosque|brand_new,
LAH-0126,Lahore,Park View City - Tulip Block,House,Sale,5,4,1125,1125.0,24500000,2.45 crore,Park View,False,"5 Marla House For Sale Tulip Block, Park View City Lahore in Park View City - Tulip Block, Park View City · 5 bed · 4 bath · 5 Marla",https://www.zameen.com/Property/park_view_city_park_view_city_-_tulip_block_5_marla_house_for_sale_tulip_block_park_view_city_lahore-54437010-8465-1.html,,
LAH-0127,Lahore,EME Society - Block D,House,Sale,3,4,1125,1125.0,37000000,3.70 crore,Private / Unknown,False,"A Stunning House Is Up For Grabs In EME Society - Block D Lahore in EME Society - Block D, EME Society · 3 bed · 4 bath · 5 Marla",https://www.zameen.com/Property/eme_society_eme_society_-_block_d_a_stunning_house_is_up_for_grabs_in_eme_society_-_block_d_lahore-54782113-3748-1.html,,
LAH-0128,Lahore,Tariq Colony,House,Sale,4,4,450,450.0,11500000,1.15 crore,Private / Unknown,False,"Ideal 2 Marla House Available In Tariq Colony, Tariq Colony in Tariq Colony, Lahore · 4 bed · 4 bath · 2 Marla",https://www.zameen.com/Property/lahore_tariq_colony_ideal_2_marla_house_available_in_tariq_colony_tariq_colony-54782187-14055-1.html,,
LAH-0129,Lahore,DHA Phase 8 - Block W,House,Sale,6,6,4500,4500.0,180000000,18.00 crore,DHA,False,"1Kanal Full Basement Spanish House Phase 8 W block in DHA Phase 8 - Block W, DHA Phase 8 · 6 bed · 6 bath · 1 Kanal",https://www.zameen.com/Property/dha_phase_8_dha_phase_8_-_block_w_1kanal_full_basement_spanish_house_phase_8_w_block-54778999-1638-1.html,basement,
LAH-0130,Lahore,DHA Phase 7,House,Sale,5,6,4500,4500.0,135000000,13.50 crore,DHA,False,"UK Architect - 1 Kanal Semi Furnished Modern House For Sale - DHA Phase 7 in DHA Phase 7, DHA Defence · 5 bed · 6 bath · 1 Kanal",https://www.zameen.com/Property/dha_defence_dha_phase_7_uk_architect_-_1_kanal_semi_furnished_modern_house_for_sale_-_dha_phase_7-54622183-1450-1.html,furnished,
LAH-0131,Lahore,Bankers Avenue Cooperative Housing Society,House,Sale,5,6,2025,2025.0,35000000,3.50 crore,Private / Unknown,False,"BANKER AVENUE HOUSING SOCIETY BEDIAN ROAD 9 MARLA BRAND NEW HOUSE FOR SALE in Bankers Avenue Cooperative Housing Society, Lahore · 5 bed · 6 bath · 9 Marla",https://www.zameen.com/Property/lahore_bankers_avenue_cooperative_housing_society_banker_avenue_housing_society_bedian_road_9_marla_brand_new_house_for_sale-54783362-8325-1.html,brand_new,
LAH-0132,Lahore,Bankers Avenue Cooperative Housing Society,House,Sale,6,6,4500,4500.0,45000000,4.50 crore,Private / Unknown,False,"BANKERS AVENUE 1 KANAL GREY STRUCTURE 6 BEDS HOUSE FOR SALE in Bankers Avenue Cooperative Housing Society, Lahore · 6 bed · 6 bath · 1 Kanal",https://www.zameen.com/Property/lahore_bankers_avenue_cooperative_housing_society_bankers_avenue_1_kanal_grey_structure_6_beds_house_for_sale-52131696-8325-1.html,,
LAH-0133,Lahore,Bismillah Housing Scheme,House,Sale,4,5,1350,1350.0,33000000,3.30 crore,Private / Unknown,False,"Affordable 6 Marla Ultra Modren Design House For Sale In Lahore | Prime Location in Bismillah Housing Scheme, GT Road · 4 bed · 5 bath · 6 Marla",https://www.zameen.com/Property/gt_road_bismillah_housing_scheme_affordable_6_marla_ultra_modren_design_house_for_sale_in_lahore_prime_location-54477712-8446-1.html,,
LAH-0134,Lahore,New Lahore City - Phase 2,House,Sale,3,4,675,675.0,11500000,1.15 crore,Private / Unknown,False,"Ready To Move 3 Marla House for Sale in New Lahore City Phase 2 in New Lahore City - Phase 2, New Lahore City · 3 bed · 4 bath · 3 Marla",https://www.zameen.com/Property/new_lahore_city_new_lahore_city_-_phase_2_ready_to_move_3_marla_house_for_sale_in_new_lahore_city_phase_2-54612365-15750-1.html,,
LAH-0135,Lahore,Bismillah Housing Scheme,House,Sale,4,4,1125,1125.0,22000000,2.20 crore,Private / Unknown,False,"5 Marla Ultra Modern House For Sale in Bismillah Housing Scheme, GT Road · 4 bed · 4 bath · 5 Marla",https://www.zameen.com/Property/gt_road_bismillah_housing_scheme_5_marla_ultra_modern_house_for_sale-54462260-8446-1.html,,
LAH-0136,Lahore,Al-Kabir Town - Phase 2,House,Sale,3,3,1125,1125.0,21500000,2.15 crore,Private / Unknown,False,"Brand New 5 Marla House for Sale in Al Kabir Town Phase 2 Prime Location in Al-Kabir Town - Phase 2, Al-Kabir Town · 3 bed · 3 bath · 5 Marla",https://www.zameen.com/Property/al_kabir_town_al-kabir_town_-_phase_2_brand_new_5_marla_house_for_sale_in_al_kabir_town_phase_2_prime_location-54567680-11704-1.html,brand_new,
LAH-0137,Lahore,Al-Kabir Town - Phase 2,House,Sale,3,4,675,675.0,14500000,1.45 crore,Private / Unknown,True,"Book Your Dream 3 Marla Home With Only 10% Down Payment in Al-Kabir Town - Phase 2, Al-Kabir Town · 3 bed · 4 bath · 3 Marla",https://www.zameen.com/Property/al_kabir_town_al-kabir_town_-_phase_2_book_your_dream_3_marla_home_with_only_10_down_payment-54583446-11704-1.html,,
LAH-0138,Lahore,Park View City,House,Sale,5,5,1125,1125.0,18200000,1.82 crore,Park View,False,"5 Marla Corner Luxury House For Sale In Park View City Lahore in Park View City, Lahore · 5 bed · 5 bath · 5 Marla",https://www.zameen.com/Property/lahore_park_view_city_5_marla_corner_luxury_house_for_sale_in_park_view_city_lahore-53527565-1466-1.html,corner,
LAH-0139,Lahore,Park View City,House,Sale,5,4,1125,1125.0,21000000,2.10 crore,Park View,False,"5 Marla Elegant House For Sale In Park View City, Lahore in Park View City, Lahore · 5 bed · 4 bath · 5 Marla",https://www.zameen.com/Property/lahore_park_view_city_5_marla_elegant_house_for_sale_in_park_view_city_lahore-53527651-1466-1.html,,
LAH-0140,Lahore,Park View City,House,Sale,5,4,1125,1125.0,17800000,1.78 crore,Park View,False,"5 Marla Luxury House For Sale In Park View City Lahore in Park View City, Lahore · 5 bed · 4 bath · 5 Marla",https://www.zameen.com/Property/lahore_park_view_city_5_marla_luxury_house_for_sale_in_park_view_city_lahore-53531739-1466-1.html,,
LAH-0141,Lahore,Aamir Town,House,Sale,2,3,2250,2250.0,26000000,2.60 crore,Private / Unknown,False,"10 Marla Single Storey With Basement House For Sale In Amir Town Harbanspura Lahore in Aamir Town, Harbanspura · 2 bed · 3 bath · 10 Marla",https://www.zameen.com/Property/harbanspura_aamir_town_10_marla_single_storey_with_basement_house_for_sale_in_amir_town_harbanspura_lahore-49633723-3879-1.html,basement,
LAH-0142,Lahore,Moeez Town,House,Sale,6,6,1350,1350.0,18500000,1.85 crore,Private / Unknown,False,"6 Marla Double Storey House For Sale In Moeez Town Salamat Pura Lahore in Moeez Town, Harbanspura · 6 bed · 6 bath · 6 Marla",https://www.zameen.com/Property/harbanspura_moeez_town_6_marla_double_storey_house_for_sale_in_moeez_town_salamat_pura_lahore-49170713-3878-1.html,,
LAH-0143,Lahore,GT Road,House,Sale,3,2,630,630.0,11500000,1.15 crore,Private / Unknown,False,"640 Square Feet Half Triple Storey House For Sale In Dhobi Ghaat G. T Road Lahore in GT Road, Lahore · 3 bed · 2 bath · 2.8 Marla",https://www.zameen.com/Property/lahore_gt_road_640_square_feet_half_triple_storey_house_for_sale_in_dhobi_ghaat_g_t_road_lahore-53479424-472-1.html,,
LAH-0144,Lahore,Moeez Town,House,Sale,4,4,675,675.0,14000000,1.40 crore,Private / Unknown,False,"3 Marla Triple Storey House For Sale In Moeez Town Salamat Pura Lahore in Moeez Town, Harbanspura · 4 bed · 4 bath · 3 Marla",https://www.zameen.com/Property/harbanspura_moeez_town_3_marla_triple_storey_house_for_sale_in_moeez_town_salamat_pura_lahore-53322035-3878-1.html,,
LAH-0145,Lahore,Daroghewala,House,Sale,3,3,675,675.0,11000000,1.10 crore,Private / Unknown,False,"3 Marla Half Triple Storey House For Sale In Sukh Nehar G. T Road Lahore in Daroghewala, Lahore · 3 bed · 3 bath · 3 Marla",https://www.zameen.com/Property/lahore_daroghewala_3_marla_half_triple_storey_house_for_sale_in_sukh_nehar_g_t_road_lahore-53301550-4555-1.html,,
KAR-0146,Karachi,DHA Phase 8,House,Sale,5,5,4500,4500.0,195000000,19.50 crore,DHA,False,"500 Yards Brand New Bungalow With Pool Semi Furnished Available For Sale in DHA Phase 8, DHA Defence · 5 bed · 5 bath · 500 Sq. Yd.",https://www.zameen.com/Property/dha_defence_dha_phase_8_500_yards_brand_new_bungalow_with_pool_semi_furnished_available_for_sale-54646343-1485-1.html,swimming_pool|furnished|brand_new,
KAR-0147,Karachi,Bahria Town - Precinct 9,House,Sale,5,5,4500,4500.0,55000000,5.50 crore,Bahria Town,False,"Prime Location 500 Square Yards Modern Design Villa Available For Sale in Precinct-9 Bahria Hills , Bahria Town Karachi in Bahria Town - Precinct 9, Bahria Town Karachi · 5 bed · 5 bath · 500 Sq. Yd.",https://www.zameen.com/Property/bahria_town_karachi_bahria_town_-_precinct_9_prime_location_500_square_yards_modern_design_villa_available_for_sale_in_precinct-9_bahria_hills_bahria_town_karachi-54783187-10017-1.html,,
KAR-0148,Karachi,DHA Phase 8 - Zone A,House,Sale,7,6,4500,4500.0,175000000,17.50 crore,DHA,False,"2 Unit Ultra Luxury Bungalow For Sale In DHA West Open. in DHA Phase 8 - Zone A, DHA Phase 8 · 7 bed · 6 bath · 500 Sq. Yd.",https://www.zameen.com/Property/dha_phase_8_dha_phase_8_-_zone_a_2_unit_ultra_luxury_bungalow_for_sale_in_dha_west_open-54677878-6677-1.html,,
KAR-0149,Karachi,Bukhari Commercial Area,Commercial,Sale,2,3,900,900.0,31500000,3.15 crore,DHA,False,"FOR SALE: RECENTLY RENOVATED 900 SQ FT 2-BED LUXURY APARTMENT (1ST FLOOR) BUKHARI COMMERCIAL, DHA PHASE 6, KARACHI in Bukhari Commercial Area, DHA Phase 6 · 2 bed · 3 bath · 100 Sq. Yd.",https://www.zameen.com/Property/dha_phase_6_bukhari_commercial_area_for_sale_recently_renovated_900_sq_ft_2-bed_luxury_apartment_1st_floor_bukhari_commercial_dha_phase_6_karachi-54704466-6674-1.html,,
KAR-0150,Karachi,DHA Phase 7 Extension,House,Sale,4,5,900,900.0,75000000,7.50 crore,DHA,False,"ARCHITECTURAL MASTERPIECE 4-BEDROOM LUXURY HOUSE FOR SALE in DHA Phase 7 Extension, DHA Defence · 4 bed · 5 bath · 100 Sq. Yd.",https://www.zameen.com/Property/dha_defence_dha_phase_7_extension_architectural_masterpiece_4-bedroom_luxury_house_for_sale-54527643-1674-1.html,,
KAR-0151,Karachi,Gulshan-e-Iqbal - Block 16,Flat,Sale,3,3,1800,1800.0,29000000,2.90 crore,Private / Unknown,False,"Flat Available For Sale In Gulshan E Iqbal in Gulshan-e-Iqbal - Block 16, Gulshan-e-Iqbal · 3 bed · 3 bath · 200 Sq. Yd.",https://www.zameen.com/Property/gulshan_e_iqbal_gulshan-e-iqbal_-_block_16_flat_available_for_sale_in_gulshan_e_iqbal-54649180-6878-1.html,,
KAR-0152,Karachi,Pakistan Post Office Workers CHS,Commercial,Sale,5,3,1350,1350.0,10500000,1.05 crore,Private / Unknown,False,"Brand New Flat Portion in Pakistan Post Office Workers CHS, Scheme 33 - Sector 36-A · 5 bed · 3 bath · 150 Sq. Yd.",https://www.zameen.com/Property/scheme_33_sector_36_a_pakistan_post_office_workers_chs_brand_new_flat_portion-54127661-14113-1.html,brand_new,
KAR-0153,Karachi,Badar Commercial Area,Commercial,Sale,3,3,1296,1296.0,17500000,1.75 crore,DHA,False,"A Prime Location Flat Of 1300 Square Feet In Karachi in Badar Commercial Area, DHA Phase 5 · 3 bed · 3 bath · 144 Sq. Yd.",https://www.zameen.com/Property/dha_phase_5_badar_commercial_area_a_prime_location_flat_of_1300_square_feet_in_karachi-54747686-8484-1.html,,
KAR-0154,Karachi,North Nazimabad - Block H,House,Sale,9,6,1800,1800.0,63000000,6.30 crore,Private / Unknown,False,"Ground Plus 2 House Near Mahrose Beauty Parlour in North Nazimabad - Block H, North Nazimabad · 9 bed · 6 bath · 200 Sq. Yd.",https://www.zameen.com/Property/north_nazimabad_north_nazimabad_-_block_h_ground_plus_2_house_near_mahrose_beauty_parlour-54023548-7216-1.html,,
KAR-0155,Karachi,HMR Waterfront,Flat,Sale,1,1,900,900.0,35800000,3.58 crore,DHA,False,"Luxury 1-Bed Apartment for Sale at Gold Crest Bay Sands, HMR Waterfront in HMR Waterfront, DHA Phase 8 · 1 bed · 1 bath · 100 Sq. Yd.",https://www.zameen.com/Property/dha_phase_8_hmr_waterfront_luxury_1-bed_apartment_for_sale_at_gold_crest_bay_sands_hmr_waterfront-53492776-19639-1.html,,
KAR-0156,Karachi,DHA Phase 6,House,Sale,3,3,3240,3240.0,100000000,10.00 crore,DHA,False,"360 Square Yards Brand New 3+1 Bungalow For Sale In DHA Phase 6 in DHA Phase 6, DHA Defence · 3 bed · 3 bath · 360 Sq. Yd.",https://www.zameen.com/Property/dha_defence_dha_phase_6_360_square_yards_brand_new_3_1_bungalow_for_sale_in_dha_phase_6-54738966-1483-1.html,brand_new,
KAR-0157,Karachi,Federal B Area - Block 17,House,Sale,6,4,1080,1080.0,41500000,4.15 crore,Private / Unknown,False,"120 Sq. Yards House for Sale in Federal B Area Block 17 | Gulberg Town | Water pump Demolish Condition in Federal B Area - Block 17, Federal B Area · 6 bed · 4 bath · 120 Sq. Yd.",https://www.zameen.com/Property/federal_b_area_federal_b_area_-_block_17_120_sq_yards_house_for_sale_in_federal_b_area_block_17_gulberg_town_water_pump_demolish_condition-54784036-6701-1.html,,
KAR-0158,Karachi,Rim Jhim Towers,Flat,Sale,4,5,3204,3204.0,31500000,3.15 crore,Private / Unknown,False,"04 Bed DD Leased Apartment Available For Sale In Rim Jhim Tower in Rim Jhim Towers, KESC Housing Society · 4 bed · 5 bath · 356 Sq. Yd.",https://www.zameen.com/Property/kesc_housing_society_rim_jhim_towers_04_bed_dd_leased_apartment_available_for_sale_in_rim_jhim_tower-53327000-22335-1.html,,
KAR-0159,Karachi,Gulistan-e-Jauhar,Flat,Sale,3,3,1449,1449.0,18000000,1.80 crore,Private / Unknown,False,"Brand New Flat Available For Sale 3 Bed Dd Full FLoor Flat Available Gulistan-E-Johar Block 14 in Gulistan-e-Jauhar, Karachi · 3 bed · 3 bath · 161 Sq. Yd.",https://www.zameen.com/Property/karachi_gulistan-e-jauhar_brand_new_flat_available_for_sale_3_bed_dd_full_floor_flat_available_gulistan-e-johar_block_14-54570548-232-1.html,brand_new,
KAR-0160,Karachi,Gulshan-e-Iqbal,Flat,Sale,3,3,1404,1404.0,17000000,1.70 crore,Private / Unknown,False,"3 Bed DD Flat For Sale In Zainab Plaza Gulshan E Iqbal Block 17 in Gulshan-e-Iqbal, Gulshan-e-Iqbal Town · 3 bed · 3 bath · 156 Sq. Yd.",https://www.zameen.com/Property/gulshan_e_iqbal_town_gulshan-e-iqbal_3_bed_dd_flat_for_sale_in_zainab_plaza_gulshan_e_iqbal_block_17-54682564-233-1.html,,
KAR-0161,Karachi,Gwalior Cooperative Housing Society,Flat,Sale,3,3,846,846.0,8500000,85.00 lac,Private / Unknown,False,"3 Bed Lounge With Roof 4th Floor Apartment in Gwalior Cooperative Housing Society, Scheme 33 · 3 bed · 3 bath · 94 Sq. Yd.",https://www.zameen.com/Property/scheme_33_gwalior_cooperative_housing_society_3_bed_lounge_with_roof_4th_floor_apartment-54651907-9074-1.html,,
KAR-0162,Karachi,Badar Commercial Area,Commercial,Sale,3,3,1197,1197.0,17500000,1.75 crore,DHA,False,"Buy Prime Location 1200 Square Feet Flat At Highly Affordable Price in Badar Commercial Area, DHA Phase 5 · 3 bed · 3 bath · 133 Sq. Yd.",https://www.zameen.com/Property/dha_phase_5_badar_commercial_area_buy_prime_location_1200_square_feet_flat_at_highly_affordable_price-54703055-8484-1.html,,
KAR-0163,Karachi,KDA Scheme 1,House,Sale,6,7,2700,2700.0,170000000,17.00 crore,Private / Unknown,False,"House In KDA Scheme 1 For Sale in KDA Scheme 1, Karachi · 6 bed · 7 bath · 300 Sq. Yd.",https://www.zameen.com/Property/karachi_kda_scheme_1_house_in_kda_scheme_1_for_sale-54610065-8292-1.html,,
KAR-0164,Karachi,KDA Scheme 1,House,Sale,6,7,2700,2700.0,160000000,16.00 crore,Private / Unknown,False,"House For Sale In KDA Scheme 1 in KDA Scheme 1, Karachi · 6 bed · 7 bath · 300 Sq. Yd.",https://www.zameen.com/Property/karachi_kda_scheme_1_house_for_sale_in_kda_scheme_1-54610061-8292-1.html,,
KAR-0165,Karachi,Shaheed Millat Road,House,Sale,6,6,2250,2250.0,130000000,13.00 crore,Private / Unknown,False,"Prime Location House Of 250 Square Yards Available For Sale On Shaheed Millat Road in Shaheed Millat Road, Karachi · 6 bed · 6 bath · 250 Sq. Yd.",https://www.zameen.com/Property/karachi_shaheed_millat_road_prime_location_house_of_250_square_yards_available_for_sale_on_shaheed_millat_road-54610073-413-1.html,,
KAR-0166,Karachi,KDA Scheme 1,House,Sale,6,7,4500,4500.0,200000000,20.00 crore,Private / Unknown,False,"House For Sale In KDA Scheme 1 in KDA Scheme 1, Karachi · 6 bed · 7 bath · 500 Sq. Yd.",https://www.zameen.com/Property/karachi_kda_scheme_1_house_for_sale_in_kda_scheme_1-54610078-8292-1.html,,
KAR-0167,Karachi,Gulistan-e-Jauhar,Flat,Sale,3,3,1548,1548.0,16000000,1.60 crore,Private / Unknown,False,"well maintained Apartment Available For sale in Ibrahim blessings gulshan e Iqbal in Gulistan-e-Jauhar, Karachi · 3 bed · 3 bath · 172 Sq. Yd.",https://www.zameen.com/Property/karachi_gulistan-e-jauhar_well_maintained_apartment_available_for_sale_in_ibrahim_blessings_gulshan_e_iqbal-54784147-232-1.html,,
KAR-0168,Karachi,Gulshan-e-Maymar - Sector Q,House,Sale,4,6,1080,1080.0,22000000,2.20 crore,Private / Unknown,False,"Spacious Prime Location House Is Available In Gulshan-e-Maymar - Sector Q For sale in Gulshan-e-Maymar - Sector Q, Gulshan-e-Maymar · 4 bed · 6 bath · 120 Sq. Yd.",https://www.zameen.com/Property/gulshan_e_maymar_gulshan-e-maymar_-_sector_q_spacious_prime_location_house_is_available_in_gulshan-e-maymar_-_sector_q_for_sale-52465017-6753-1.html,,
KAR-0169,Karachi,Gulshan-e-Maymar - Sector Q,House,Sale,3,3,720,720.0,11500000,1.15 crore,Private / Unknown,False,"LUXURIOUS HOUSE FOR SALE in Gulshan-e-Maymar - Sector Q, Gulshan-e-Maymar · 3 bed · 3 bath · 80 Sq. Yd.",https://www.zameen.com/Property/gulshan_e_maymar_gulshan-e-maymar_-_sector_q_luxurious_house_for_sale-52452070-6753-1.html,,
KAR-0170,Karachi,Gulshan-e-Maymar - Sector X,House,Sale,4,5,3600,3600.0,40000000,4.00 crore,Private / Unknown,False,"400 Sq House Sector X3 in Gulshan-e-Maymar - Sector X, Gulshan-e-Maymar · 4 bed · 5 bath · 400 Sq. Yd.",https://www.zameen.com/Property/gulshan_e_maymar_gulshan-e-maymar_-_sector_x_400_sq_house_sector_x3-54682124-6760-1.html,,
KAR-0171,Karachi,Naya Nazimabad - Block A,House,Sale,6,7,4320,4320.0,185000000,18.50 crore,Private / Unknown,False,"480 Sqyd Luxury Park-Facing House For Sale In Block A, Naya Nazimabad | Elevator | Furnished in Naya Nazimabad - Block A, Naya Nazimabad · 6 bed · 7 bath · 480 Sq. Yd.",https://www.zameen.com/Property/naya_nazimabad_naya_nazimabad_-_block_a_480_sqyd_luxury_park-facing_house_for_sale_in_block_a_naya_nazimabad_elevator_furnished-54779725-14291-1.html,furnished|park|lift,
KAR-0172,Karachi,Bahria Town - Ali Block,House,Sale,3,4,1125,1125.0,14900000,1.49 crore,Bahria Town,False,"125 Sqyard Westopen Villa Available For Sale in Bahria Town - Ali Block, Bahria Town - Precinct 12 · 3 bed · 4 bath · 125 Sq. Yd.",https://www.zameen.com/Property/bahria_town_precinct_12_bahria_town_-_ali_block_125_sqyard_westopen_villa_available_for_sale-54710282-10023-1.html,,
KAR-0173,Karachi,Pakistan Merchant Navy Society,House,Sale,,,5400,5400.0,150000000,15.00 crore,Private / Unknown,False,"House Is Available For sale In Pakistan Merchant Navy Society in Pakistan Merchant Navy Society, Scheme 33 - Sector 15-A · 600 Sq. Yd.",https://www.zameen.com/Property/scheme_33_sector_15_a_pakistan_merchant_navy_society_house_is_available_for_sale_in_pakistan_merchant_navy_society-54780705-9079-1.html,,bedrooms_missing|bathrooms_missing
KAR-0174,Karachi,DHA Phase 1,Flat,Sale,3,4,2502,2502.0,65000000,6.50 crore,DHA,False,"3-Bedroom Apartment for Sale in boundary wall project Karachi min location in DHA Phase 1, DHA Defence · 3 bed · 4 bath · 278 Sq. Yd.",https://www.zameen.com/Property/dha_defence_dha_phase_1_3-bedroom_apartment_for_sale_in_boundary_wall_project_karachi_min_location-53595450-1478-1.html,,
KAR-0175,Karachi,Askari 5 - Sector J,Flat,Sale,3,3,2781,2781.0,47000000,4.70 crore,Private / Unknown,False,"FRONT OPEN PRIME LOCATION FLAT AVAILABLE FOR SALE SEC J ASK V MALIR CANTT KARACHI in Askari 5 - Sector J, Askari 5 · 3 bed · 3 bath · 309 Sq. Yd.",https://www.zameen.com/Property/askari_5_askari_5_-_sector_j_front_open_prime_location_flat_available_for_sale_sec_j_ask_v_malir_cantt_karachi-51163939-17289-1.html,,
KAR-0176,Karachi,Emaar The Views,Flat,Sale,1,1,1449,1449.0,80200000,8.02 crore,DHA,False,"Exclusive 1 Bed | Sea View | Emaar The Views | 22nd Floor | Type 1B. 1 in Emaar The Views, DHA Phase 8 · 1 bed · 1 bath · 161 Sq. Yd.",https://www.zameen.com/Property/dha_phase_8_emaar_the_views_exclusive_1_bed_sea_view_emaar_the_views_22nd_floor_type_1b_1-54783875-17808-1.html,sea_facing,
KAR-0177,Karachi,Emaar The Views,Flat,Sale,2,2,1854,1854.0,92600000,9.26 crore,DHA,False,"Exclusive 2-Bed | Partial Sea View | Emaar The Views | 34th Floor | Type 2B. 2 in Emaar The Views, DHA Phase 8 · 2 bed · 2 bath · 206 Sq. Yd.",https://www.zameen.com/Property/dha_phase_8_emaar_the_views_exclusive_2-bed_partial_sea_view_emaar_the_views_34th_floor_type_2b_2-54627600-17808-1.html,sea_facing,
KAR-0178,Karachi,Emaar Panorama,Flat,Sale,1,1,1377,1377.0,60900000,6.09 crore,DHA,False,"Exclusive 1 Bed | Boulevard View | Emaar Panorama | 25th Floor | Type 1B. 1 in Emaar Panorama, DHA Phase 8 · 1 bed · 1 bath · 153 Sq. Yd.",https://www.zameen.com/Property/dha_phase_8_emaar_panorama_exclusive_1_bed_boulevard_view_emaar_panorama_25th_floor_type_1b_1-54628106-17182-1.html,,
KAR-0179,Karachi,Emaar Park Edge,Flat,Sale,2,2,1737,1737.0,85000000,8.50 crore,DHA,False,"Exclusive Unit | 2 Bedroom | Park View | Park Edge | 2B. 3 in Emaar Park Edge, DHA Phase 8 · 2 bed · 2 bath · 193 Sq. Yd.",https://www.zameen.com/Property/dha_phase_8_emaar_park_edge_exclusive_unit_2_bedroom_park_view_park_edge_2b_3-54676182-21858-1.html,park,
KAR-0180,Karachi,Bahria Town - Precinct 4,House,Sale,6,6,4500,4500.0,42000000,4.20 crore,Bahria Town,True,"500 Square Yards Villa For Booking On Installments In Bahria Town - Precinct 4 in Bahria Town - Precinct 4, Bahria Town Karachi · 6 bed · 6 bath · 500 Sq. Yd.",https://www.zameen.com/Property/bahria_town_karachi_bahria_town_-_precinct_4_500_square_yards_villa_for_booking_on_installments_in_bahria_town_-_precinct_4-52930452-10013-1.html,,
KAR-0181,Karachi,Bahria Sports City,House,Sale,4,4,3150,3150.0,18500000,1.85 crore,Bahria Town,False,"350 Square Yard Gray Structure Villa At LOWEST RATE Of MARKET in Bahria Sports City, Bahria Town Karachi · 4 bed · 4 bath · 350 Sq. Yd.",https://www.zameen.com/Property/bahria_town_karachi_bahria_sports_city_350_square_yard_gray_structure_villa_at_lowest_rate_of_market-53324613-10061-1.html,,
KAR-0182,Karachi,Bahria Town - Precinct 11-B,House,Sale,3,3,1368,1368.0,15800000,1.58 crore,Bahria Town,False,"3 Bed DDL 152 Sq Yd Villa FOR SALE At Precinct-11B (All Amenities Nearby) Heighted Location Investor Rates in Bahria Town - Precinct 11-B, Bahria Town - Precinct 11 · 3 bed · 3 bath · 152 Sq. Yd.",https://www.zameen.com/Property/bahria_town_precinct_11_bahria_town_-_precinct_11-b_3_bed_ddl_152_sq_yd_villa_for_sale_at_precinct-11b_all_amenities_nearby_heighted_location_investor_rates-53351884-10021-1.html,,
KAR-0183,Karachi,DHA Phase 7 Extension,House,Sale,3,3,900,900.0,60000000,6.00 crore,DHA,False,"Bungalow Is Available For Sale in DHA Phase 7 Extension, DHA Defence · 3 bed · 3 bath · 100 Sq. Yd.",https://www.zameen.com/Property/dha_defence_dha_phase_7_extension_bungalow_is_available_for_sale-54497645-1674-1.html,,
KAR-0184,Karachi,DHA Phase 7 Extension,House,Sale,6,6,4500,4500.0,145000000,14.50 crore,DHA,False,"Spacious Prime Location House Is Available For Sale In Ideal Location Of DHA Phase 7 Extension in DHA Phase 7 Extension, DHA Defence · 6 bed · 6 bath · 500 Sq. Yd.",https://www.zameen.com/Property/dha_defence_dha_phase_7_extension_spacious_prime_location_house_is_available_for_sale_in_ideal_location_of_dha_phase_7_extension-52765000-1674-1.html,,
KAR-0185,Karachi,Central Information Cooperative Housing Society,House,Sale,8,6,2160,2160.0,59500000,5.95 crore,Private / Unknown,False,"Leased House, 240 Sq-yd For Sale, 8-BED DD, Ground+2, Vip LOCATION Central Information in Central Information Cooperative Housing Society, Scheme 33 · 8 bed · 6 bath · 240 Sq. Yd.",https://www.zameen.com/Property/scheme_33_central_information_cooperative_housing_society_leased_house_240_sq-yd_for_sale_8-bed_dd_ground_2_vip_location_central_information-54315925-9039-1.html,,
KAR-0186,Karachi,Capital Cooperative Housing Society,House,Sale,6,6,2160,2160.0,65000000,6.50 crore,Private / Unknown,False,"Leased House 240 Sq-yd For Sale, 6-BED DD, Ground+1, Brand New, Vip LOCATION Capital Society in Capital Cooperative Housing Society, Scheme 33 - Sector 35-A · 6 bed · 6 bath · 240 Sq. Yd.",https://www.zameen.com/Property/scheme_33_sector_35_a_capital_cooperative_housing_society_leased_house_240_sq-yd_for_sale_6-bed_dd_ground_1_brand_new_vip_location_capital_society-54329703-8908-1.html,brand_new,
KAR-0187,Karachi,Gulistan-e-Jauhar - Block 18,Other,Sale,3,3,1098,1098.0,15500000,1.55 crore,Private / Unknown,False,"RUFI PARADISE 2 BED DD WITH ROOF FOR SALE IN GULISTAN E JAUHAR BLOCK 18 in Gulistan-e-Jauhar - Block 18, Gulistan-e-Jauhar · 3 bed · 3 bath · 122 Sq. Yd.",https://www.zameen.com/Property/gulistan_e_jauhar_gulistan-e-jauhar_-_block_18_rufi_paradise_2_bed_dd_with_roof_for_sale_in_gulistan_e_jauhar_block_18-54629202-6842-1.html,,
KAR-0188,Karachi,Gulistan-e-Jauhar,Other,Sale,6,,1800,1800.0,42500000,4.25 crore,Private / Unknown,False,"200 Yards Banglow For Sale In Gulistan-E-Jauhar Block 19 in Gulistan-e-Jauhar, Karachi · 6 bed · 200 Sq. Yd.",https://www.zameen.com/Property/karachi_gulistan-e-jauhar_200_yards_banglow_for_sale_in_gulistan-e-jauhar_block_19-54545357-232-1.html,,bathrooms_missing
KAR-0189,Karachi,Askari 5 - Sector J,Flat,Sale,3,4,2403,2403.0,41000000,4.10 crore,Private / Unknown,False,"Brand New 3 Bedroom Apartment For Sale In Malir Cantt Askari 5, 5th Floor Sector J in Askari 5 - Sector J, Askari 5 · 3 bed · 4 bath · 267 Sq. Yd.",https://www.zameen.com/Property/askari_5_askari_5_-_sector_j_brand_new_3_bedroom_apartment_for_sale_in_malir_cantt_askari_5_5th_floor_sector_j-47397544-17289-1.html,brand_new,
KAR-0190,Karachi,Gulshan-e-Maymar - Sector T,House,Sale,6,7,2340,2340.0,41500000,4.15 crore,Private / Unknown,False,"West-open corner House for sale in sector T in Gulshan-e-Maymar - Sector T, Gulshan-e-Maymar · 6 bed · 7 bath · 260 Sq. Yd.",https://www.zameen.com/Property/gulshan_e_maymar_gulshan-e-maymar_-_sector_t_west-open_corner_house_for_sale_in_sector_t-54784111-6756-1.html,corner,
KAR-0191,Karachi,Gulistan-e-Jauhar,Flat,Sale,3,3,1503,1503.0,17000000,1.70 crore,Private / Unknown,False,"3 Bed Dd Apartment Available For Sale In Sakina Pride Main University Road in Gulistan-e-Jauhar, Karachi · 3 bed · 3 bath · 167 Sq. Yd.",https://www.zameen.com/Property/karachi_gulistan-e-jauhar_3_bed_dd_apartment_available_for_sale_in_sakina_pride_main_university_road-54665128-232-1.html,,
KAR-0192,Karachi,Gulshan-e-Iqbal - Block 4,Flat,Sale,3,3,1404,1404.0,25000000,2.50 crore,Private / Unknown,False,"Leased 3 Bed DD Corner West Open Flat For Sale In Gulshan Block 4 in Gulshan-e-Iqbal - Block 4, Gulshan-e-Iqbal · 3 bed · 3 bath · 156 Sq. Yd.",https://www.zameen.com/Property/gulshan_e_iqbal_gulshan-e-iqbal_-_block_4_leased_3_bed_dd_corner_west_open_flat_for_sale_in_gulshan_block_4-54297688-6864-1.html,corner,
KAR-0193,Karachi,DHA Phase 7 Extension,House,Sale,3,3,900,900.0,55000000,5.50 crore,DHA,False,"100 SQ. YD BUNGALOWS FOR SALE DHA PHASE 7 EXTENSION KARACHI in DHA Phase 7 Extension, DHA Defence · 3 bed · 3 bath · 100 Sq. Yd.",https://www.zameen.com/Property/dha_defence_dha_phase_7_extension_100_sq_yd_bungalows_for_sale_dha_phase_7_extension_karachi-54453737-1674-1.html,,
KAR-0194,Karachi,Cantt Bazar,Flat,Sale,3,3,1953,1953.0,28500000,2.85 crore,Private / Unknown,False,"3 Bed Apartment Available For Sale In Cantt Bazar Area in Cantt Bazar, Malir Cantonment · 3 bed · 3 bath · 217 Sq. Yd.",https://www.zameen.com/Property/malir_cantonment_cantt_bazar_3_bed_apartment_available_for_sale_in_cantt_bazar_area-50861935-9588-1.html,,
KAR-0195,Karachi,Askari 5 - Sector E,Flat,Sale,3,3,2502,2502.0,44000000,4.40 crore,Private / Unknown,False,"MID FLOOR G+9 LEASED 3 BED APARTMENT AVAILABLE FOR SALE ASK V MALIR CANTT KARACHI in Askari 5 - Sector E, Askari 5 · 3 bed · 3 bath · 278 Sq. Yd.",https://www.zameen.com/Property/askari_5_askari_5_-_sector_e_mid_floor_g_9_leased_3_bed_apartment_available_for_sale_ask_v_malir_cantt_karachi-51146339-19016-1.html,,
KAR-0196,Karachi,Bahria Paradise - Precinct 51,House,Sale,5,5,4500,4500.0,50000000,5.00 crore,Private / Unknown,False,"Buy your ideal Prime Location 500 Square Yards House in a prime location of Karachi in Bahria Paradise - Precinct 51, Bahria Paradise · 5 bed · 5 bath · 500 Sq. Yd.",https://www.zameen.com/Property/bahria_paradise_bahria_paradise_-_precinct_51_buy_your_ideal_prime_location_500_square_yards_house_in_a_prime_location_of_karachi-54782741-12070-1.html,,
KAR-0197,Karachi,Emaar Crescent Bay,Flat,Sale,2,3,1809,1809.0,85000000,8.50 crore,DHA,False,"Brand New 2-Bed Apartment for Sale in The Views Tower Chance Deal in Emaar Crescent Bay, DHA Phase 8 · 2 bed · 3 bath · 201 Sq. Yd.",https://www.zameen.com/Property/dha_phase_8_emaar_crescent_bay_brand_new_2-bed_apartment_for_sale_in_the_views_tower_chance_deal-54781808-8503-1.html,brand_new,
KAR-0198,Karachi,Bahria Town - Precinct 1,House,Sale,5,5,2448,2448.0,38500000,3.85 crore,Bahria Town,False,"Bahria Town Karachi 5-Bed Luxury Designer Villa for Sale in Precinct-1 Overseas Block Near Main Entrance of Bahria Town Karachi! in Bahria Town - Precinct 1, Bahria Town Karachi · 5 bed · 5 bath · 272 Sq. Yd.",https://www.zameen.com/Property/bahria_town_karachi_bahria_town_-_precinct_1_bahria_town_karachi_5-bed_luxury_designer_villa_for_sale_in_precinct-1_overseas_block_near_main_entrance_of_bahria_town_karachi-54686995-10007-1.html,,
KAR-0199,Karachi,DHA Phase 6,House,Sale,6,6,9000,9000.0,360000000,36.00 crore,DHA,False,"Become Owner Of Your House Today Which Is Centrally Located In DHA Phase 6 In Karachi in DHA Phase 6, DHA Defence · 6 bed · 6 bath · 1000 Sq. Yd.",https://www.zameen.com/Property/dha_defence_dha_phase_6_become_owner_of_your_house_today_which_is_centrally_located_in_dha_phase_6_in_karachi-54280625-1483-1.html,,
KAR-0200,Karachi,Bahria Town - Precinct 1,House,Sale,4,4,2448,2448.0,27000000,2.70 crore,Bahria Town,True,"Spacious House Is Available In Bahria Town - Precinct 1 For Booking On Installments in Bahria Town - Precinct 1, Bahria Town Karachi · 4 bed · 4 bath · 272 Sq. Yd.",https://www.zameen.com/Property/bahria_town_karachi_bahria_town_-_precinct_1_spacious_house_is_available_in_bahria_town_-_precinct_1_for_booking_on_installments-52981592-10007-1.html,,
KAR-0201,Karachi,Bahria Town - Precinct 17,House,Sale,7,7,9000,9000.0,66000000,6.60 crore,Bahria Town,True,"Precinct 17 Ultra Luxury 1000 Sq Yards Villa For Booking On Instalments in Bahria Town - Precinct 17, Bahria Town Karachi · 7 bed · 7 bath · 1000 Sq. Yd.",https://www.zameen.com/Property/bahria_town_karachi_bahria_town_-_precinct_17_precinct_17_ultra_luxury_1000_sq_yards_villa_for_booking_on_instalments-53215640-10028-1.html,,
KAR-0202,Karachi,Askari 5 - Sector J,House,Sale,5,6,3375,3375.0,97500000,9.75 crore,Private / Unknown,False,"SU HOUSE SECTOR J FOR SALE in Askari 5 - Sector J, Askari 5 · 5 bed · 6 bath · 375 Sq. Yd.",https://www.zameen.com/Property/askari_5_askari_5_-_sector_j_su_house_sector_j_for_sale-54670060-17289-1.html,,
KAR-0203,Karachi,Askari 5 - Sector J,Flat,Sale,3,4,2403,2403.0,44500000,4.45 crore,Private / Unknown,False,"NEW APARTMENT FOR SALE SEC J ASKARI 5 in Askari 5 - Sector J, Askari 5 · 3 bed · 4 bath · 267 Sq. Yd.",https://www.zameen.com/Property/askari_5_askari_5_-_sector_j_new_apartment_for_sale_sec_j_askari_5-54741562-17289-1.html,,
KAR-0204,Karachi,PECHS,House,Sale,5,5,2340,2340.0,155000000,15.50 crore,Private / Unknown,False,"INDEPENDENT TOWN HOUSE BRAND NEW PECHS BLOCK 6 For Sale Seprate Entrance in PECHS, Jamshed Town · 5 bed · 5 bath · 260 Sq. Yd.",https://www.zameen.com/Property/jamshed_town_pechs_independent_town_house_brand_new_pechs_block_6_for_sale_seprate_entrance-54616904-403-1.html,brand_new,
KAR-0205,Karachi,DHA Phase 7 Extension,House,Sale,2,2,900,900.0,65000000,6.50 crore,DHA,False,"EXCLUSIVE LUXURY BUNGALOW FOR SALE DHA PHASE 7 EXTENSION in DHA Phase 7 Extension, DHA Defence · 2 bed · 2 bath · 100 Sq. Yd.",https://www.zameen.com/Property/dha_defence_dha_phase_7_extension_exclusive_luxury_bungalow_for_sale_dha_phase_7_extension-54783934-1674-1.html,,
KAR-0206,Karachi,Shahzada Sweet Towers,Flat,Sale,3,4,1404,1404.0,27500000,2.75 crore,Private / Unknown,False,"Furnished 3 Bed DD Apartment Available For Sale In Shahzada Sweet Tower in Shahzada Sweet Towers, Lyari Expressway · 3 bed · 4 bath · 156 Sq. Yd.",https://www.zameen.com/Property/lyari_expressway_shahzada_sweet_towers_furnished_3_bed_dd_apartment_available_for_sale_in_shahzada_sweet_tower-54563501-13169-1.html,furnished,
KAR-0207,Karachi,DHA Phase 7,Other,Sale,5,7,4500,4500.0,150000000,15.00 crore,DHA,False,"Banglow For Sale in DHA Phase 7, DHA Defence · 5 bed · 7 bath · 500 Sq. Yd.",https://www.zameen.com/Property/dha_defence_dha_phase_7_banglow_for_sale-54663326-1484-1.html,,
KAR-0208,Karachi,DHA Phase 7,Other,Sale,3,3,900,900.0,55000000,5.50 crore,DHA,False,"100 Yards Banglow For Sale in DHA Phase 7, DHA Defence · 3 bed · 3 bath · 100 Sq. Yd.",https://www.zameen.com/Property/dha_defence_dha_phase_7_100_yards_banglow_for_sale-50829842-1484-1.html,,
KAR-0209,Karachi,Civil Lines,Flat,Sale,3,3,1647,1647.0,57500000,5.75 crore,Private / Unknown,False,"Aesthetic Flat Of 1650 Square Feet For sale Is Available in Civil Lines, Karachi · 3 bed · 3 bath · 183 Sq. Yd.",https://www.zameen.com/Property/karachi_civil_lines_aesthetic_flat_of_1650_square_feet_for_sale_is_available-54688564-493-1.html,,
KAR-0210,Karachi,Clifton - Block 2,Flat,Sale,3,3,1998,1998.0,57500000,5.75 crore,Private / Unknown,False,"Apartment Available For Sale Clifton Block 2 Near Best homes project in Clifton - Block 2, Clifton · 3 bed · 3 bath · 222 Sq. Yd.",https://www.zameen.com/Property/clifton_clifton_-_block_2_apartment_available_for_sale_clifton_block_2_near_best_homes_project-54727745-1664-1.html,,
KAR-0211,Karachi,Bukhari Commercial Area,Commercial,Sale,3,3,1602,1602.0,45000000,4.50 crore,DHA,False,"3 Bedrooms Apartment For Sale With Lift Parking and Backup Generator Servant Quarter 600yards Project in Bukhari Commercial Area, DHA Phase 6 · 3 bed · 3 bath · 178 Sq. Yd.",https://www.zameen.com/Property/dha_phase_6_bukhari_commercial_area_3_bedrooms_apartment_for_sale_with_lift_parking_and_backup_generator_servant_quarter_600yards_project-52733658-6674-1.html,lift|servant_quarter,
KAR-0212,Karachi,DHA Phase 6,House,Sale,6,6,5400,5400.0,320000000,32.00 crore,DHA,False,"Investors Should sale This Prime Location House Located Ideally In DHA Defence in DHA Phase 6, DHA Defence · 6 bed · 6 bath · 600 Sq. Yd.",https://www.zameen.com/Property/dha_defence_dha_phase_6_investors_should_sale_this_prime_location_house_located_ideally_in_dha_defence-54557777-1483-1.html,,
KAR-0213,Karachi,DHA Phase 7 Extension,House,Sale,3,3,1080,1080.0,55000000,5.50 crore,DHA,False,"100 YARDS BUNGALOW FOR SALE in DHA Phase 7 Extension, DHA Defence · 3 bed · 3 bath · 120 Sq. Yd.",https://www.zameen.com/Property/dha_defence_dha_phase_7_extension_100_yards_bungalow_for_sale-54573053-1674-1.html,,
KAR-0214,Karachi,DHA Phase 7,House,Sale,5,5,4500,4500.0,103000000,10.30 crore,DHA,False,"REAR BUNGALOW FOR SALE DHA PHASE 7 in DHA Phase 7, DHA Defence · 5 bed · 5 bath · 500 Sq. Yd.",https://www.zameen.com/Property/dha_defence_dha_phase_7_rear_bungalow_for_sale_dha_phase_7-54726190-1484-1.html,,
KAR-0215,Karachi,DHA Phase 8,House,Sale,5,6,4500,4500.0,220000000,22.00 crore,DHA,False,"BRAND NEW BUNGALOW FOR SALE in DHA Phase 8, DHA Defence · 5 bed · 6 bath · 500 Sq. Yd.",https://www.zameen.com/Property/dha_defence_dha_phase_8_brand_new_bungalow_for_sale-54721086-1485-1.html,brand_new,
KAR-0216,Karachi,Badar Commercial Area,Commercial,Sale,3,3,1800,1800.0,18500000,1.85 crore,DHA,False,"Prime Location 1800 Square Feet Flat Is Available In Affordable Price In Badar Commercial Area in Badar Commercial Area, DHA Phase 5 · 3 bed · 3 bath · 200 Sq. Yd.",https://www.zameen.com/Property/dha_phase_5_badar_commercial_area_prime_location_1800_square_feet_flat_is_available_in_affordable_price_in_badar_commercial_area-54102888-8484-1.html,,
KAR-0217,Karachi,Gulshan-e-Maymar - Sector U,House,Sale,6,7,2160,2160.0,42500000,4.25 crore,Private / Unknown,False,"240 sqr yard ground plus one house available for sale in Gulshan-e-Maymar - Sector U, Gulshan-e-Maymar · 6 bed · 7 bath · 240 Sq. Yd.",https://www.zameen.com/Property/gulshan_e_maymar_gulshan-e-maymar_-_sector_u_240_sqr_yard_ground_plus_one_house_available_for_sale-54784029-6757-1.html,,
KAR-0218,Karachi,Airport Road,Flat,Sale,2,3,1350,1350.0,21900000,2.19 crore,Private / Unknown,False,"Saima Greens Luxury Apartment Your Dream Home Awaits in Airport Road, Karachi · 2 bed · 3 bath · 150 Sq. Yd.",https://www.zameen.com/Property/karachi_airport_road_saima_greens_luxury_apartment_your_dream_home_awaits-52582309-16274-1.html,,
KAR-0219,Karachi,Callachi Cooperative Housing Society,Flat,Sale,2,3,1197,1197.0,18000000,1.80 crore,Private / Unknown,False,"Shayan Iconic Residency Flat For Sale 2/3 BED DD, Located At Callachi Society Gulshan e Iqbal Block 10A Karachi in Callachi Cooperative Housing Society, Gulshan-e-Iqbal - Block 10-A · 2 bed · 3 bath · 133 Sq. Yd.",https://www.zameen.com/Property/gulshan_e_iqbal_block_10_a_callachi_cooperative_housing_society_shayan_iconic_residency_flat_for_sale_2_3_bed_dd_located_at_callachi_society_gulshan_e_iqbal_block_10a_karachi-54507799-12954-1.html,,
KAR-0220,Karachi,DHA Phase 8,Other,Sale,6,6,4500,4500.0,260000000,26.00 crore,DHA,False,"Bangalow For Sale DHA Phase 8 Main Shujjat in DHA Phase 8, DHA Defence · 6 bed · 6 bath · 500 Sq. Yd.",https://www.zameen.com/Property/dha_defence_dha_phase_8_bangalow_for_sale_dha_phase_8_main_shujjat-54487210-1485-1.html,,
KAR-0221,Karachi,DHA Phase 4,House,Sale,5,6,2700,2700.0,145000000,14.50 crore,DHA,False,"A Beautifully Renovated Family Home In Prime DHA Phase 4 in DHA Phase 4, DHA Defence · 5 bed · 6 bath · 300 Sq. Yd.",https://www.zameen.com/Property/dha_defence_dha_phase_4_a_beautifully_renovated_family_home_in_prime_dha_phase_4-54734114-1481-1.html,,
KAR-0222,Karachi,DHA Phase 8,House,Sale,5,6,4500,4500.0,265000000,26.50 crore,DHA,False,"Bungalow For Sale 500 Square Yards In DHA Phase 8 in DHA Phase 8, DHA Defence · 5 bed · 6 bath · 500 Sq. Yd.",https://www.zameen.com/Property/dha_defence_dha_phase_8_bungalow_for_sale_500_square_yards_in_dha_phase_8-54686530-1485-1.html,,
KAR-0223,Karachi,Navy Housing Scheme Karsaz - Phase 3,House,Sale,5,7,3150,3150.0,270000000,27.00 crore,Private / Unknown,False,"350 Square Yard Bungalows Available For Sale in Navy Housing Scheme Karsaz - Phase 3, Navy Housing Scheme Karsaz · 5 bed · 7 bath · 350 Sq. Yd.",https://www.zameen.com/Property/navy_housing_scheme_karsaz_navy_housing_scheme_karsaz_-_phase_3_350_square_yard_bungalows_available_for_sale-54725261-11582-1.html,,
KAR-0224,Karachi,Navy Housing Scheme Karsaz,Flat,Sale,5,6,3501,3501.0,187500000,18.75 crore,Private / Unknown,False,"Fully Furnished Golf Facing Apartment For Sale NHS Karsaz Phase IV, Karachi in Navy Housing Scheme Karsaz, Karachi · 5 bed · 6 bath · 389 Sq. Yd.",https://www.zameen.com/Property/karachi_navy_housing_scheme_karsaz_fully_furnished_golf_facing_apartment_for_sale_nhs_karsaz_phase_iv_karachi-53956334-11579-1.html,furnished,
KAR-0225,Karachi,PECHS,House,Sale,4,4,1440,1440.0,90000000,9.00 crore,Private / Unknown,False,"Town #House For Sale #PECHS Size : 160 SQ YARD Brand New 1 With Basement 5 Bedroom With Attached Bath Parking Space Available in PECHS, Jamshed Town · 4 bed · 4 bath · 160 Sq. Yd.",https://www.zameen.com/Property/jamshed_town_pechs_town_house_for_sale_pechs_size_160_sq_yard_brand_new_1_with_basement_5_bedroom_with_attached_bath_parking_space_available-52899383-403-1.html,basement|brand_new,
KAR-0226,Karachi,Gulshan-e-Iqbal - Block 11,House,Sale,5,6,2358,2358.0,80000000,8.00 crore,Private / Unknown,False,"Boundary Wall Society, Secured, 262sq. Yds, Maintained G+1 House For Sale in Gulshan-e-Iqbal - Block 11, Gulshan-e-Iqbal · 5 bed · 6 bath · 262 Sq. Yd.",https://www.zameen.com/Property/gulshan_e_iqbal_gulshan-e-iqbal_-_block_11_boundary_wall_society_secured_262sq_yds_maintained_g_1_house_for_sale-54161665-6872-1.html,,
KAR-0227,Karachi,Government Teacher Society - Sector 19-A,Flat,Sale,2,2,1080,1080.0,12500000,1.25 crore,Private / Unknown,True,"2 BED DD FLAT FOR SALE ON INSTALLMENT PLAN 12 MONTHS GOVERNMENT TEACHER SOCIETY SECTOR 19A in Government Teacher Society - Sector 19-A, Scheme 33 - Sector 19-A · 2 bed · 2 bath · 120 Sq. Yd.",https://www.zameen.com/Property/scheme_33_sector_19_a_government_teacher_society_-_sector_19-a_2_bed_dd_flat_for_sale_on_installment_plan_12_months_government_teacher_society_sector_19a-54567000-9191-1.html,,
KAR-0228,Karachi,Gulshan-e-Iqbal - Block 13/D-1,House,Sale,6,6,5400,5400.0,142500000,14.25 crore,Private / Unknown,False,"600 Sqyard House in Gulshan-e-Iqbal - Block 13/D-1, Gulshan-e-Iqbal · 6 bed · 6 bath · 600 Sq. Yd.",https://www.zameen.com/Property/gulshan_e_iqbal_gulshan-e-iqbal_-_block_13_d-1_600_sqyard_house-54782995-6875-1.html,,
KAR-0229,Karachi,Khalid Bin Walid Road,Flat,Sale,3,4,2196,2196.0,80000000,8.00 crore,Private / Unknown,False,"Apartment For Sell Leased Prime Location in Khalid Bin Walid Road, Karachi · 3 bed · 4 bath · 244 Sq. Yd.",https://www.zameen.com/Property/karachi_khalid_bin_walid_road_apartment_for_sell_leased_prime_location-54008722-253-1.html,,
KAR-0230,Karachi,DHA Phase 8,House,Sale,4,5,5994,5994.0,295000000,29.50 crore,DHA,False,"Fully Renovated 666 Sq. Yards House For Sale DHA Phase 8, Khayaban-e-Qasim, Zone A, Karachi in DHA Phase 8, DHA Defence · 4 bed · 5 bath · 666 Sq. Yd.",https://www.zameen.com/Property/dha_defence_dha_phase_8_fully_renovated_666_sq_yards_house_for_sale_dha_phase_8_khayaban-e-qasim_zone_a_karachi-54783861-1485-1.html,,
KAR-0231,Karachi,Emaar Crescent Bay,Flat,Sale,3,5,2187,2187.0,109500000,10.95 crore,DHA,False,"EMAAR PEARL TOWER 1 | 3 BED | FULL SEA FACING | SUNSET VIEW FLAT FOR SALE in Emaar Crescent Bay, DHA Phase 8 · 3 bed · 5 bath · 243 Sq. Yd.",https://www.zameen.com/Property/dha_phase_8_emaar_crescent_bay_emaar_pearl_tower_1_3_bed_full_sea_facing_sunset_view_flat_for_sale-54730571-8503-1.html,sea_facing,
KAR-0232,Karachi,Clifton - Block 9,Flat,Sale,3,4,2097,2097.0,80000000,8.00 crore,Private / Unknown,False,"Brand New Spacious 3Bedrooms Apartment For Sale With All Modern Amenities in Clifton - Block 9, Clifton · 3 bed · 4 bath · 233 Sq. Yd.",https://www.zameen.com/Property/clifton_clifton_-_block_9_brand_new_spacious_3bedrooms_apartment_for_sale_with_all_modern_amenities-53552764-1671-1.html,brand_new,
KAR-0233,Karachi,PECHS Block 6,Portion,Sale,3,4,1440,1440.0,26500000,2.65 crore,Private / Unknown,False,"Upper Portion For Sale Pechs Block 6 in PECHS Block 6, PECHS · 3 bed · 4 bath · 160 Sq. Yd.",https://www.zameen.com/Property/pechs_pechs_block_6_upper_portion_for_sale_pechs_block_6-52211010-6935-1.html,,
KAR-0234,Karachi,DHA Phase 5,House,Sale,6,6,4500,4500.0,245000000,24.50 crore,DHA,False,"Prime Location 500 Square Yards House Situated In DHA Phase 5 For sale in DHA Phase 5, DHA Defence · 6 bed · 6 bath · 500 Sq. Yd.",https://www.zameen.com/Property/dha_defence_dha_phase_5_prime_location_500_square_yards_house_situated_in_dha_phase_5_for_sale-54761404-1482-1.html,,
KAR-0235,Karachi,Federal B Area - Block 9,Flat,Sale,2,2,747,747.0,8000000,80.00 lac,Private / Unknown,False,"New Flat In Madina City Federal B Area Block 9 in Federal B Area - Block 9, Federal B Area · 2 bed · 2 bath · 83 Sq. Yd.",https://www.zameen.com/Property/federal_b_area_federal_b_area_-_block_9_new_flat_in_madina_city_federal_b_area_block_9-54551972-6693-1.html,,
KAR-0236,Karachi,Gulistan-e-Jauhar - Block 16,Flat,Sale,2,2,1197,1197.0,13000000,1.30 crore,Private / Unknown,False,"Prime Location Of Block-16 Corner West Open Loan Applicable Flat For Sale in Gulistan-e-Jauhar - Block 16, Gulistan-e-Jauhar · 2 bed · 2 bath · 133 Sq. Yd.",https://www.zameen.com/Property/gulistan_e_jauhar_gulistan-e-jauhar_-_block_16_prime_location_of_block-16_corner_west_open_loan_applicable_flat_for_sale-54666084-6840-1.html,corner,
KAR-0237,Karachi,Gulshan-e-Maymar - Sector U,House,Sale,6,7,2160,2160.0,40000000,4.00 crore,Private / Unknown,False,"240 sqr yard brand new house available for sale in Gulshan-e-Maymar - Sector U, Gulshan-e-Maymar · 6 bed · 7 bath · 240 Sq. Yd.",https://www.zameen.com/Property/gulshan_e_maymar_gulshan-e-maymar_-_sector_u_240_sqr_yard_brand_new_house_available_for_sale-54784006-6757-1.html,brand_new,
KAR-0238,Karachi,Clifton - Block 7,Flat,Sale,9,7,5499,5499.0,105000000,10.50 crore,Private / Unknown,False,"Clifton block 7, 5500 Sq. Feets Luxury Apartment for Sale in Clifton - Block 7, Clifton · 9 bed · 7 bath · 611 Sq. Yd.",https://www.zameen.com/Property/clifton_clifton_-_block_7_clifton_block_7_5500_sq_feets_luxury_apartment_for_sale-54784002-1669-1.html,,
KAR-0239,Karachi,DHA Phase 8,House,Sale,6,6,4500,4500.0,340000000,34.00 crore,DHA,False,"500 Yard Architecture Bungalow For Sale In DHA Phase Viii in DHA Phase 8, DHA Defence · 6 bed · 6 bath · 500 Sq. Yd.",https://www.zameen.com/Property/dha_defence_dha_phase_8_500_yard_architecture_bungalow_for_sale_in_dha_phase_viii-54783832-1485-1.html,,
KAR-0240,Karachi,Gulshan-e-Iqbal - Block 3,House,Sale,5,6,666,666.0,36500000,3.65 crore,Private / Unknown,False,"House for Sale - Block 3, Gulshan-e-Iqbal Karachi | 5 Bedrooms in Gulshan-e-Iqbal - Block 3, Gulshan-e-Iqbal · 5 bed · 6 bath · 74 Sq. Yd.",https://www.zameen.com/Property/gulshan_e_iqbal_gulshan-e-iqbal_-_block_3_house_for_sale_-_block_3_gulshan-e-iqbal_karachi_5_bedrooms-54783992-6863-1.html,,
KAR-0241,Karachi,Askari 6,House,Sale,5,6,2700,2700.0,80000000,8.00 crore,Private / Unknown,False,"Prime Brigadier House 300 Sq. Yds | Askari-6 For Sale in Askari 6, Malir Cantonment · 5 bed · 6 bath · 300 Sq. Yd.",https://www.zameen.com/Property/malir_cantonment_askari_6_prime_brigadier_house_300_sq_yds_askari-6_for_sale-54783955-21109-1.html,,
KAR-0242,Karachi,Sharfabad,Portion,Sale,4,4,2196,2196.0,45000000,4.50 crore,Private / Unknown,False,"4 Bed DD Portion for Sale at Sharfabad in Sharfabad, Gulshan-e-Iqbal Town · 4 bed · 4 bath · 244 Sq. Yd.",https://www.zameen.com/Property/gulshan_e_iqbal_town_sharfabad_4_bed_dd_portion_for_sale_at_sharfabad-52795860-313-1.html,,
KAR-0243,Karachi,Gulshan-e-Iqbal - Block 13-D2,House,Sale,10,7,1800,1800.0,86000000,8.60 crore,Private / Unknown,False,"G+2 HOUSE FOR SALE IN GULSHAN E IQBAL 13/D2 in Gulshan-e-Iqbal - Block 13-D2, Gulshan-e-Iqbal · 10 bed · 7 bath · 200 Sq. Yd.",https://www.zameen.com/Property/gulshan_e_iqbal_gulshan-e-iqbal_-_block_13-d2_g_2_house_for_sale_in_gulshan_e_iqbal_13_d2-54783949-8885-1.html,,
KAR-0244,Karachi,Bath Island,Plot,Sale,3,4,1800,1800.0,52500000,5.25 crore,Private / Unknown,False,"3-Bedroom Drawing Apartment For Sale In Bath Island: This Small Complex Features A Total Of Four Apartments, With A Basement Parking Area For Two Cars And A Servant Quarter. in Bath Island, Karachi · 3 bed · 4 bath · 200 Sq. Yd.",https://www.zameen.com/Property/karachi_bath_island_3-bedroom_drawing_apartment_for_sale_in_bath_island_this_small_complex_features_a_total_of_four_apartments_with_a_basement_parking_area_for_two_cars_and_a_servant_quarter-51106056-198-1.html,basement|servant_quarter,plot_with_bedrooms
KAR-0245,Karachi,Navy Housing Scheme Karsaz,Flat,Sale,5,6,3501,3501.0,159000000,15.90 crore,Private / Unknown,False,"Apartment Available For Sale In NHS Karsaz Karachi in Navy Housing Scheme Karsaz, Karachi · 5 bed · 6 bath · 389 Sq. Yd.",https://www.zameen.com/Property/karachi_navy_housing_scheme_karsaz_apartment_available_for_sale_in_nhs_karsaz_karachi-53888517-11579-1.html,,
KAR-0246,Karachi,Navy Housing Scheme Karsaz,House,Sale,5,5,3150,3150.0,195000000,19.50 crore,Private / Unknown,False,"350 Square Yard Villa Available For Sale in NHS Karsaz Karachi in Navy Housing Scheme Karsaz, Karachi · 5 bed · 5 bath · 350 Sq. Yd.",https://www.zameen.com/Property/karachi_navy_housing_scheme_karsaz_350_square_yard_villa_available_for_sale_in_nhs_karsaz_karachi-53883959-11579-1.html,,
KAR-0247,Karachi,Naya Nazimabad - Block A,House,Sale,4,4,1080,1080.0,43500000,4.35 crore,Private / Unknown,False,"120 Square Yard House Near Entrance Naya Nazimabad in Naya Nazimabad - Block A, Naya Nazimabad · 4 bed · 4 bath · 120 Sq. Yd.",https://www.zameen.com/Property/naya_nazimabad_naya_nazimabad_-_block_a_120_square_yard_house_near_entrance_naya_nazimabad-54115825-14291-1.html,,
KAR-0248,Karachi,DHA Phase 8,House,Sale,6,7,4500,4500.0,277500000,27.75 crore,DHA,False,"Architectural Perfection Brand New 500 Yards Bungalow For Sale in DHA Phase 8 Karachi in DHA Phase 8, DHA Defence · 6 bed · 7 bath · 500 Sq. Yd.",https://www.zameen.com/Property/dha_defence_dha_phase_8_architectural_perfection_brand_new_500_yards_bungalow_for_sale_in_dha_phase_8_karachi-54415297-1485-1.html,brand_new,
KAR-0249,Karachi,DHA Phase 8,House,Sale,6,7,4500,4500.0,297500000,29.75 crore,DHA,False,"Designed To Inspire Modern Brand New 500 Yards Bungalow For Sale in DHA Phase 8 Karachi in DHA Phase 8, DHA Defence · 6 bed · 7 bath · 500 Sq. Yd.",https://www.zameen.com/Property/dha_defence_dha_phase_8_designed_to_inspire_modern_brand_new_500_yards_bungalow_for_sale_in_dha_phase_8_karachi-54447821-1485-1.html,brand_new,
KAR-0250,Karachi,DHA Phase 6,House,Sale,6,6,4500,4500.0,157500000,15.75 crore,DHA,False,"Bungalow For Sale in DHA Phase 6, DHA Defence · 6 bed · 6 bath · 500 Sq. Yd.",https://www.zameen.com/Property/dha_defence_dha_phase_6_bungalow_for_sale-53978493-1483-1.html,,
KAR-0251,Karachi,PECHS Block 2,House,Sale,10,6,5400,5400.0,200000000,20.00 crore,Private / Unknown,False,"Get Your Dream Prime Location House In PECHS Block 2 Karachi in PECHS Block 2, PECHS · 10 bed · 6 bath · 600 Sq. Yd.",https://www.zameen.com/Property/pechs_pechs_block_2_get_your_dream_prime_location_house_in_pechs_block_2_karachi-54698810-6933-1.html,,
KAR-0252,Karachi,PECHS Block 2,Portion,Sale,3,3,1485,1485.0,32500000,3.25 crore,Private / Unknown,False,"Ready To sale A Prime Location Upper Portion 1485 Square Feet In PECHS Block 2 Karachi in PECHS Block 2, PECHS · 3 bed · 3 bath · 165 Sq. Yd.",https://www.zameen.com/Property/pechs_pechs_block_2_ready_to_sale_a_prime_location_upper_portion_1485_square_feet_in_pechs_block_2_karachi-54698844-6933-1.html,,
KAR-0253,Karachi,PECHS Block 2,Portion,Sale,3,3,1485,1485.0,31500000,3.15 crore,Private / Unknown,False,"Prime Location Upper Portion Of 1485 Square Feet For sale In PECHS Block 2 in PECHS Block 2, PECHS · 3 bed · 3 bath · 165 Sq. Yd.",https://www.zameen.com/Property/pechs_pechs_block_2_prime_location_upper_portion_of_1485_square_feet_for_sale_in_pechs_block_2-54698874-6933-1.html,,
KAR-0254,Karachi,Emaar Crescent Bay,Flat,Sale,2,3,1485,1485.0,52699999,5.27 crore,DHA,False,"CHANCE DEAL BRAND NEW 2 BED SEA FACING APARTMENT AVAILABLE FOR SALE | PANORAMA in Emaar Crescent Bay, DHA Phase 8 · 2 bed · 3 bath · 165 Sq. Yd.",https://www.zameen.com/Property/dha_phase_8_emaar_crescent_bay_chance_deal_brand_new_2_bed_sea_facing_apartment_available_for_sale_panorama-54773390-8503-1.html,sea_facing|brand_new,
KAR-0255,Karachi,DHA Phase 5,Flat,Sale,3,4,2304,2304.0,70000000,7.00 crore,DHA,False,"SEA VIEW APARTMENT FOR SALE IN DHA PHASE 5, KARACHI in DHA Phase 5, DHA Defence · 3 bed · 4 bath · 256 Sq. Yd.",https://www.zameen.com/Property/dha_defence_dha_phase_5_sea_view_apartment_for_sale_in_dha_phase_5_karachi-54515669-1482-1.html,sea_facing,
KAR-0256,Karachi,Zamzama Commercial Area,Commercial,Sale,2,2,900,900.0,12500000,1.25 crore,DHA,False,"Flat For Sale in Zamzama Commercial Area, DHA Phase 5 · 2 bed · 2 bath · 100 Sq. Yd.",https://www.zameen.com/Property/dha_phase_5_zamzama_commercial_area_flat_for_sale-54763835-8486-1.html,,
KAR-0257,Karachi,DHA Phase 6,House,Sale,4,4,6183,6183.0,245000000,24.50 crore,DHA,False,"Old House For Sale in DHA Phase 6, DHA Defence · 4 bed · 4 bath · 687 Sq. Yd.",https://www.zameen.com/Property/dha_defence_dha_phase_6_old_house_for_sale-54769979-1483-1.html,,
KAR-0258,Karachi,Bukhari Commercial Area,Commercial,Sale,2,2,900,900.0,27000000,2.70 crore,DHA,False,"Flat For Sale Bukhari Commercial in Bukhari Commercial Area, DHA Phase 6 · 2 bed · 2 bath · 100 Sq. Yd.",https://www.zameen.com/Property/dha_phase_6_bukhari_commercial_area_flat_for_sale_bukhari_commercial-54770084-6674-1.html,,
KAR-0259,Karachi,Bufferzone - Sector 15-A/5,Flat,Sale,2,2,954,954.0,12500000,1.25 crore,Private / Unknown,False,"flat for sale in Bufferzone - Sector 15-A/5, Buffer Zone · 2 bed · 2 bath · 106 Sq. Yd.",https://www.zameen.com/Property/buffer_zone_bufferzone_-_sector_15-a_5_flat_for_sale-54783643-8955-1.html,,
KAR-0260,Karachi,Clifton - Block 1,Flat,Sale,2,2,1197,1197.0,19000000,1.90 crore,Private / Unknown,False,"Brand New Apartment Available For Sale At Cliftonia Apartments Block 1 in Clifton - Block 1, Clifton · 2 bed · 2 bath · 133 Sq. Yd.",https://www.zameen.com/Property/clifton_clifton_-_block_1_brand_new_apartment_available_for_sale_at_cliftonia_apartments_block_1-53934412-1663-1.html,brand_new,
KAR-0261,Karachi,Bath Island,Plot,Sale,3,4,2403,2403.0,55000000,5.50 crore,Private / Unknown,False,"9th Avenue Brand New 3 Bedrooms Apartment With Private Lift Access To The Apartment Near To Completion in Bath Island, Karachi · 3 bed · 4 bath · 267 Sq. Yd.",https://www.zameen.com/Property/karachi_bath_island_9th_avenue_brand_new_3_bedrooms_apartment_with_private_lift_access_to_the_apartment_near_to_completion-28461624-198-1.html,lift|brand_new,plot_with_bedrooms
KAR-0262,Karachi,Civil Lines,Flat,Sale,4,4,2997,2997.0,80000000,8.00 crore,Private / Unknown,False,"Civil Lines 3000 Square Feet Flat Up For Sale in Civil Lines, Karachi · 4 bed · 4 bath · 333 Sq. Yd.",https://www.zameen.com/Property/karachi_civil_lines_civil_lines_3000_square_feet_flat_up_for_sale-53162969-493-1.html,,
KAR-0263,Karachi,Scheme 33 - Sector 35-A,Flat,Sale,2,2,702,702.0,12500000,1.25 crore,Private / Unknown,False,"LUXURIOUS FULLY FURNISHED 2-BED APARTMENT READY TO MOVE IN in Scheme 33 - Sector 35-A, Scheme 33 · 2 bed · 2 bath · 78 Sq. Yd.",https://www.zameen.com/Property/scheme_33_scheme_33_-_sector_35-a_luxurious_fully_furnished_2-bed_apartment_ready_to_move_in-54783820-9297-1.html,furnished,
KAR-0264,Karachi,DHA Phase 6,House,Sale,5,6,5994,5994.0,260000000,26.00 crore,DHA,False,"Bungalow Available For Sale 666 Square Yard in DHA Phase 6, DHA Defence · 5 bed · 6 bath · 666 Sq. Yd.",https://www.zameen.com/Property/dha_defence_dha_phase_6_bungalow_available_for_sale_666_square_yard-54213741-1483-1.html,,
KAR-0265,Karachi,DHA Phase 8,Flat,Sale,3,3,1746,1746.0,42500000,4.25 crore,DHA,False,"Chance Deal Like New Apartment Available For Sale in DHA Phase 8, DHA Defence · 3 bed · 3 bath · 194 Sq. Yd.",https://www.zameen.com/Property/dha_defence_dha_phase_8_chance_deal_like_new_apartment_available_for_sale-54690724-1485-1.html,,
KAR-0266,Karachi,Gulshan-e-Iqbal - Block 13/D-1,House,Sale,5,5,1080,1080.0,42500000,4.25 crore,Private / Unknown,False,"120 SQ. YD BUNGALOW AVAILABLE FOR SALE IN GULSHAN-E-IQBAL in Gulshan-e-Iqbal - Block 13/D-1, Gulshan-e-Iqbal · 5 bed · 5 bath · 120 Sq. Yd.",https://www.zameen.com/Property/gulshan_e_iqbal_gulshan-e-iqbal_-_block_13_d-1_120_sq_yd_bungalow_available_for_sale_in_gulshan-e-iqbal-54484798-6875-1.html,,
KAR-0267,Karachi,Gulshan-e-Iqbal - Block 13/A,Flat,Sale,2,2,999,999.0,13000000,1.30 crore,Private / Unknown,False,"FULLY RENOVATED 2 BED DD FLAT AVAILABLE FOR SALE in Gulshan-e-Iqbal - Block 13/A, Gulshan-e-Iqbal · 2 bed · 2 bath · 111 Sq. Yd.",https://www.zameen.com/Property/gulshan_e_iqbal_gulshan-e-iqbal_-_block_13_a_fully_renovated_2_bed_dd_flat_available_for_sale-54484748-8468-1.html,,
KAR-0268,Karachi,Naya Nazimabad,Flat,Sale,2,3,1251,1251.0,19800000,1.98 crore,Private / Unknown,False,"Naya Nazimabad Luxurious Apartment FL-03 | POSSESSION READY | TENTH FLOOR UNIT + 4 Rooms + 2 Bed D/D + Corner + Park Facing + West Open + Globe Residency + Most Premium Location in Naya Nazimabad, Karachi · 2 bed · 3 bath · 139 Sq. Yd.",https://www.zameen.com/Property/karachi_naya_nazimabad_naya_nazimabad_luxurious_apartment_fl-03_possession_ready_tenth_floor_unit_4_rooms_2_bed_d_d_corner_park_facing_west_open_globe_residency_most_premium_location-54707212-10079-1.html,corner|park,
KAR-0269,Karachi,Naya Nazimabad,Flat,Sale,3,4,1818,1818.0,31900000,3.19 crore,Private / Unknown,False,"Naya Nazimabad Peace Apartment | 6.5 Years Easy Instalment Plan | 5 Rooms + 3 Bed d/d + Front Facing + Extended Terrace + Corner + Masjid Facing + Boulevard + Com 41 + Most Premium Location in Naya Nazimabad, Karachi · 3 bed · 4 bath · 202 Sq. Yd.",https://www.zameen.com/Property/karachi_naya_nazimabad_naya_nazimabad_peace_apartment_6_5_years_easy_instalment_plan_5_rooms_3_bed_d_d_front_facing_extended_terrace_corner_masjid_facing_boulevard_com_41_most_premium_location-54721807-10079-1.html,corner|mosque,
KAR-0270,Karachi,University Road,Flat,Sale,5,6,2241,2241.0,35000000,3.50 crore,Private / Unknown,False,"Tremendous Offer On All Apartments | Flexible Payment Plan in University Road, Karachi · 5 bed · 6 bath · 249 Sq. Yd.",https://www.zameen.com/Property/karachi_university_road_tremendous_offer_on_all_apartments_flexible_payment_plan-54519438-324-1.html,,
KAR-0271,Karachi,University Road,Flat,Sale,3,4,1656,1656.0,30000000,3.00 crore,Private / Unknown,False,"Tremendous Offer | Flexible Payment Plan FLAT FOR SALE in University Road, Karachi · 3 bed · 4 bath · 184 Sq. Yd.",https://www.zameen.com/Property/karachi_university_road_tremendous_offer_flexible_payment_plan_flat_for_sale-54517903-324-1.html,,
KAR-0272,Karachi,DHA Phase 8,House,Sale,6,6,4500,4500.0,250000000,25.00 crore,DHA,False,"500 yards Silghlty Used Bungalow like New West open prime location available for sale in DHA Phase 8, DHA Defence · 6 bed · 6 bath · 500 Sq. Yd.",https://www.zameen.com/Property/dha_defence_dha_phase_8_500_yards_silghlty_used_bungalow_like_new_west_open_prime_location_available_for_sale-54728956-1485-1.html,,
KAR-0273,Karachi,Sharfabad,Portion,Sale,2,2,846,846.0,31000000,3.10 crore,Private / Unknown,False,"Become Owner Of Your Prime Location Upper Portion Today Which Is Centrally Located In Sharfabad In Karachi in Sharfabad, Gulshan-e-Iqbal Town · 2 bed · 2 bath · 94 Sq. Yd.",https://www.zameen.com/Property/gulshan_e_iqbal_town_sharfabad_become_owner_of_your_prime_location_upper_portion_today_which_is_centrally_located_in_sharfabad_in_karachi-54698921-313-1.html,,
KAR-0274,Karachi,Sharfabad,Portion,Sale,3,3,1449,1449.0,47500000,4.75 crore,Private / Unknown,False,"Prime Location Upper Portion Of 1450 Square Feet Is Available For Sale In Sharfabad, Karachi in Sharfabad, Gulshan-e-Iqbal Town · 3 bed · 3 bath · 161 Sq. Yd.",https://www.zameen.com/Property/gulshan_e_iqbal_town_sharfabad_prime_location_upper_portion_of_1450_square_feet_is_available_for_sale_in_sharfabad_karachi-54698949-313-1.html,,
KAR-0275,Karachi,Sharfabad,Portion,Sale,2,2,954,954.0,37500000,3.75 crore,Private / Unknown,False,"Spacious Prime Location Lower Portion Is Available For Sale In Ideal Location Of Sharfabad in Sharfabad, Gulshan-e-Iqbal Town · 2 bed · 2 bath · 106 Sq. Yd.",https://www.zameen.com/Property/gulshan_e_iqbal_town_sharfabad_spacious_prime_location_lower_portion_is_available_for_sale_in_ideal_location_of_sharfabad-54698976-313-1.html,,
KAR-0276,Karachi,DHA Phase 1,Flat,Sale,3,3,2097,2097.0,52000000,5.20 crore,DHA,False,"Flat For Sale in DHA Phase 1, DHA Defence · 3 bed · 3 bath · 233 Sq. Yd.",https://www.zameen.com/Property/dha_defence_dha_phase_1_flat_for_sale-53628627-1478-1.html,,
KAR-0277,Karachi,Gulistan-e-Jauhar - Block 11,Flat,Sale,3,3,1377,1377.0,27000000,2.70 crore,Private / Unknown,False,"FLAT FOR SALE in Gulistan-e-Jauhar - Block 11, Gulistan-e-Jauhar · 3 bed · 3 bath · 153 Sq. Yd.",https://www.zameen.com/Property/gulistan_e_jauhar_gulistan-e-jauhar_-_block_11_flat_for_sale-54773960-6835-1.html,,
KAR-0278,Karachi,Bukhari Commercial Area,Commercial,Sale,3,3,1701,1701.0,45000000,4.50 crore,DHA,False,"EXECUTIVE 1700 SQ FT 3-BEDROOM APARTMENT FOR SALE BUKHARI COMMERCIAL, DHA PHASE 6, KARACHI in Bukhari Commercial Area, DHA Phase 6 · 3 bed · 3 bath · 189 Sq. Yd.",https://www.zameen.com/Property/dha_phase_6_bukhari_commercial_area_executive_1_700_sq_ft_3-bedroom_apartment_for_sale_bukhari_commercial_dha_phase_6_karachi-54511590-6674-1.html,,
KAR-0279,Karachi,DHA Phase 8 - Zone B,House,Sale,4,4,900,900.0,85000000,8.50 crore,DHA,False,"FOR SALE: BRAND-NEW 100 SQ YD LUXURY COMPACT BUNGALOW WITH FULL BASEMENT DHA PHASE 8, KARACHI in DHA Phase 8 - Zone B, DHA Phase 8 · 4 bed · 4 bath · 100 Sq. Yd.",https://www.zameen.com/Property/dha_phase_8_dha_phase_8_-_zone_b_for_sale_brand-new_100_sq_yd_luxury_compact_bungalow_with_full_basement_dha_phase_8_karachi-54742787-6678-1.html,basement|brand_new,
KAR-0280,Karachi,Clifton - Block 1,Flat,Sale,3,3,1602,1602.0,33000000,3.30 crore,Private / Unknown,False,"3 Bed Dd Rand New Apartment Available For Sale At Clifton Block 1 in Clifton - Block 1, Clifton · 3 bed · 3 bath · 178 Sq. Yd.",https://www.zameen.com/Property/clifton_clifton_-_block_1_3_bed_dd_rand_new_apartment_available_for_sale_at_clifton_block_1-53973719-1663-1.html,,
KAR-0281,Karachi,Bahria Town - Precinct 1,House,Sale,7,5,2448,2448.0,23500000,2.35 crore,Bahria Town,False,"272 Square Yards House In Bahria Town Precinct 1 For Sale At Good Location in Bahria Town - Precinct 1, Bahria Town Karachi · 7 bed · 5 bath · 272 Sq. Yd.",https://www.zameen.com/Property/bahria_town_karachi_bahria_town_-_precinct_1_272_square_yards_house_in_bahria_town_precinct_1_for_sale_at_good_location-52546745-10007-1.html,,
KAR-0282,Karachi,Bahria Town - Precinct 1,House,Sale,4,4,2448,2448.0,25000000,2.50 crore,Bahria Town,True,"House For Booking On Installments In Bahria Town - Precinct 1 in Bahria Town - Precinct 1, Bahria Town Karachi · 4 bed · 4 bath · 272 Sq. Yd.",https://www.zameen.com/Property/bahria_town_karachi_bahria_town_-_precinct_1_house_for_booking_on_installments_in_bahria_town_-_precinct_1-52928698-10007-1.html,,
KAR-0283,Karachi,Bahria Town - Precinct 4,House,Sale,6,6,4500,4500.0,45000000,4.50 crore,Bahria Town,True,"Prime Location 500 Square Yards House Situated In Bahria Town - Precinct 4 For Booking On Installments in Bahria Town - Precinct 4, Bahria Town Karachi · 6 bed · 6 bath · 500 Sq. Yd.",https://www.zameen.com/Property/bahria_town_karachi_bahria_town_-_precinct_4_prime_location_500_square_yards_house_situated_in_bahria_town_-_precinct_4_for_booking_on_installments-53603086-10013-1.html,,
KAR-0284,Karachi,Bahria Town - Precinct 1,House,Sale,3,3,2448,2448.0,22500000,2.25 crore,Bahria Town,True,"Ideally Located Prime Location House Of 272 Square Yards Is Available For Booking On Installments In Karachi in Bahria Town - Precinct 1, Bahria Town Karachi · 3 bed · 3 bath · 272 Sq. Yd.",https://www.zameen.com/Property/bahria_town_karachi_bahria_town_-_precinct_1_ideally_located_prime_location_house_of_272_square_yards_is_available_for_booking_on_installments_in_karachi-53631654-10007-1.html,,
KAR-0285,Karachi,Gulshan-e-Iqbal - Block 13-D2,Flat,Sale,3,3,1404,1404.0,14500000,1.45 crore,Private / Unknown,False,"FULLY RENOVATED 3 BED DD FLAT AVAILABLE FOR SALE IDEAL LOCATION in Gulshan-e-Iqbal - Block 13-D2, Gulshan-e-Iqbal · 3 bed · 3 bath · 156 Sq. Yd.",https://www.zameen.com/Property/gulshan_e_iqbal_gulshan-e-iqbal_-_block_13-d2_fully_renovated_3_bed_dd_flat_available_for_sale_ideal_location-54484730-8885-1.html,,
KAR-0286,Karachi,Gulshan-e-Iqbal - Block 13/A,Flat,Sale,3,3,1503,1503.0,12000000,1.20 crore,Private / Unknown,False,"Flat For Sale Duplex in Gulshan-e-Iqbal - Block 13/A, Gulshan-e-Iqbal · 3 bed · 3 bath · 167 Sq. Yd.",https://www.zameen.com/Property/gulshan_e_iqbal_gulshan-e-iqbal_-_block_13_a_flat_for_sale_duplex-54638795-8468-1.html,,
KAR-0287,Karachi,Gulshan-e-Iqbal - Block 13/D-3,Flat,Sale,2,2,801,801.0,8000000,80.00 lac,Private / Unknown,False,"FULLY RENOVATED 2 BED LOUNGE FLAT FOR SALE in Gulshan-e-Iqbal - Block 13/D-3, Gulshan-e-Iqbal · 2 bed · 2 bath · 89 Sq. Yd.",https://www.zameen.com/Property/gulshan_e_iqbal_gulshan-e-iqbal_-_block_13_d-3_fully_renovated_2_bed_lounge_flat_for_sale-54746601-11043-1.html,,
KAR-0288,Karachi,Gulistan-e-Jauhar - Block 13,House,Sale,8,7,2160,2160.0,65000000,6.50 crore,Private / Unknown,False,"Sale 240 Yards House Ground +3 Johar Blk 13 Near Coumics Collage in Gulistan-e-Jauhar - Block 13, Gulistan-e-Jauhar · 8 bed · 7 bath · 240 Sq. Yd.",https://www.zameen.com/Property/gulistan_e_jauhar_gulistan-e-jauhar_-_block_13_sale_240_yards_house_ground_3_johar_blk_13_near_coumics_collage-54665580-6837-1.html,,
KAR-0289,Karachi,Gulshan-e-Iqbal - Block 10,House,Sale,6,7,3600,3600.0,90000000,9.00 crore,Private / Unknown,False,"Sale House 400 Yards Double Storey Tayeba Masjid Rashid Minhas Road in Gulshan-e-Iqbal - Block 10, Gulshan-e-Iqbal · 6 bed · 7 bath · 400 Sq. Yd.",https://www.zameen.com/Property/gulshan_e_iqbal_gulshan-e-iqbal_-_block_10_sale_house_400_yards_double_storey_tayeba_masjid_rashid_minhas_road-54710853-6871-1.html,mosque,
KAR-0290,Karachi,Gulistan-e-Jauhar - Block 7,House,Sale,9,6,1800,1800.0,40000000,4.00 crore,Private / Unknown,False,"HOUSE FOR SELL in Gulistan-e-Jauhar - Block 7, Gulistan-e-Jauhar · 9 bed · 6 bath · 200 Sq. Yd.",https://www.zameen.com/Property/gulistan_e_jauhar_gulistan-e-jauhar_-_block_7_house_for_sell-54725858-6831-1.html,,
KAR-0291,Karachi,PECHS Block 6,Portion,Sale,2,3,1080,1080.0,14500000,1.45 crore,Private / Unknown,False,"Upper Portion For Sale PECHS 6 in PECHS Block 6, PECHS · 2 bed · 3 bath · 120 Sq. Yd.",https://www.zameen.com/Property/pechs_pechs_block_6_upper_portion_for_sale_pechs_6-46287773-6935-1.html,,
KAR-0292,Karachi,Jami Commercial Area,Commercial,Sale,2,2,999,999.0,15500000,1.55 crore,DHA,False,"2 Bed DD Flat For Sale | Jami Lane 3 | 3rd Floor in Jami Commercial Area, DHA Phase 7 · 2 bed · 2 bath · 111 Sq. Yd.",https://www.zameen.com/Property/dha_phase_7_jami_commercial_area_2_bed_dd_flat_for_sale_jami_lane_3_3rd_floor-54783676-8492-1.html,,
ISL-0293,Islamabad,Bahria Enclave - Sector A,House,Sale,5,7,2250,2250.0,58000000,5.80 crore,Private / Unknown,False,"10 Marla Double Height Luxury House For Sale In Sector A Bahria Enclave Islamabad | Sui Gas | A+ Construction in Bahria Enclave - Sector A, Bahria Enclave · 5 bed · 7 bath · 10 Marla",https://www.zameen.com/Property/bahria_enclave_bahria_enclave_-_sector_a_10_marla_double_height_luxury_house_for_sale_in_sector_a_bahria_enclave_islamabad_sui_gas_a_construction-54740612-11970-1.html,,
ISL-0294,Islamabad,DHA Defence Phase 2,House,Sale,6,6,4500,4500.0,110000000,11.00 crore,DHA,False,"DHA Phase 2 One Kanal Beautiful Location House For Sale in DHA Defence Phase 2, DHA Defence · 6 bed · 6 bath · 1 Kanal",https://www.zameen.com/Property/dha_defence_dha_defence_phase_2_dha_phase_2_one_kanal_beautiful_location_house_for_sale-54597274-339-1.html,,
ISL-0295,Islamabad,DHA Defence Phase 2,House,Sale,5,6,4500,4500.0,115000000,11.50 crore,DHA,False,"Dha 2 One Kanal Brand New Luxurious Designer FURNISHED HOUSE in DHA Defence Phase 2, DHA Defence · 5 bed · 6 bath · 1 Kanal",https://www.zameen.com/Property/dha_defence_dha_defence_phase_2_dha_2_one_kanal_brand_new_luxurious_designer_furnished_house-54059995-339-1.html,furnished|brand_new,
ISL-0296,Islamabad,F-6,House,Sale,7,7,4005,4005.0,400000000,40.00 crore,Private / Unknown,False,"Elegant Brand New House Is For Sale In F-6 in F-6, Islamabad · 7 bed · 7 bath · 17.8 Marla",https://www.zameen.com/Property/islamabad_f-6_elegant_brand_new_house_is_for_sale_in_f-6-54498654-164-1.html,brand_new,
ISL-0297,Islamabad,DHA Phase 5 - Sector D,House,Sale,6,,4500,4500.0,105000000,10.50 crore,DHA,False,"Get In Touch Now To Buy A House In DHA Phase 5 - Sector D in DHA Phase 5 - Sector D, DHA Defence Phase 5 · 6 bed · 1 Kanal",https://www.zameen.com/Property/dha_defence_phase_5_dha_phase_5_-_sector_d_get_in_touch_now_to_buy_a_house_in_dha_phase_5_-_sector_d-54748962-8403-1.html,,bathrooms_missing
ISL-0298,Islamabad,I-8/2,House,Sale,8,7,2790,2790.0,132500000,13.25 crore,Private / Unknown,False,"I-8/2 Triple Storey House Available For Sale In Beautiful Location in I-8/2, I-8 · 8 bed · 7 bath · 12.4 Marla",https://www.zameen.com/Property/i_8_i-8_2_i-8_2_triple_storey_house_available_for_sale_in_beautiful_location-54084901-3442-1.html,,
ISL-0299,Islamabad,E-11/4,House,Sale,8,7,4500,4500.0,155000000,15.50 crore,Private / Unknown,False,"1 Kanal 3 Storey House For Sale On Main Double Road E/11 Islamabad in E-11/4, E-11 · 8 bed · 7 bath · 1 Kanal",https://www.zameen.com/Property/e_11_e-11_4_1_kanal_3_storey_house_for_sale_on_main_double_road_e_11_islamabad-54728171-3241-1.html,,
ISL-0300,Islamabad,Jinnah Gardens Phase 1,House,Sale,4,4,1575,1575.0,35500000,3.55 crore,Private / Unknown,False,"Prime Location 7 Marla House In Jinnah Gardens Phase 1 Best Option in Jinnah Gardens Phase 1, Jinnah Gardens · 4 bed · 4 bath · 7 Marla",https://www.zameen.com/Property/jinnah_gardens_jinnah_gardens_phase_1_prime_location_7_marla_house_in_jinnah_gardens_phase_1_best_option-54780521-1421-1.html,,
ISL-0301,Islamabad,Gulberg Greens - Block E,Flat,Sale,1,1,810,810.0,14800000,1.48 crore,Private / Unknown,False,"1 Bed Apartment for Sale in Gulberg Greens Islamabad | Wide Terrace | Stunning Lake View in Gulberg Greens - Block E, Gulberg Greens · 1 bed · 1 bath · 3.6 Marla",https://www.zameen.com/Property/gulberg_greens_gulberg_greens_-_block_e_1_bed_apartment_for_sale_in_gulberg_greens_islamabad_wide_terrace_stunning_lake_view-54783675-8317-1.html,,
ISL-0302,Islamabad,Gulberg Heights,Flat,Sale,1,2,1642,1642.5,17500000,1.75 crore,Private / Unknown,False,"One Bed Apartment Available For Sale Gulberg Heights in Gulberg Heights, Gulberg Greens · 1 bed · 2 bath · 7.3 Marla",https://www.zameen.com/Property/gulberg_greens_gulberg_heights_one_bed_apartment_available_for_sale_gulberg_heights-54774560-19298-1.html,,
ISL-0303,Islamabad,Cube Apartments,Studio,Sale,,1,652,652.5,8200000,82.00 lac,Private / Unknown,False,"Studio Cube Apartment for Sale | Inner Facing | Sector A, Bahria Enclave | Charges Paid in Cube Apartments, Bahria Enclave · 1 bath · 2.9 Marla",https://www.zameen.com/Property/bahria_enclave_cube_apartments_studio_cube_apartment_for_sale_inner_facing_sector_a_bahria_enclave_charges_paid-53291186-21520-1.html,,bedrooms_missing
ISL-0304,Islamabad,J7 Emporium,Flat,Sale,1,1,1012,1012.5,17100000,1.71 crore,Private / Unknown,True,"One Bed Apartment Available In J7 Emporium Booking Starts From 25% in J7 Emporium, B-17 · 1 bed · 1 bath · 4.5 Marla",https://www.zameen.com/Property/b_17_j7_emporium_one_bed_apartment_available_in_j7_emporium_booking_starts_from_25-53842769-17263-1.html,,
ISL-0305,Islamabad,Bani Gala,House,Sale,5,5,10350,10350.0,120000000,12.00 crore,Private / Unknown,False,"Good 45 Marla House For Sale In Bani Gala in Bani Gala, Islamabad · 5 bed · 5 bath · 2.3 Kanal",https://www.zameen.com/Property/islamabad_bani_gala_good_45_marla_house_for_sale_in_bani_gala-45750035-340-1.html,,
ISL-0306,Islamabad,F-10,House,Sale,7,6,9900,9900.0,650000000,65.00 crore,Private / Unknown,False,"F-10 Brand New Beautiful House 1111 Sq Yards Available On Really Good Location in F-10, Islamabad · 7 bed · 6 bath · 2.2 Kanal",https://www.zameen.com/Property/islamabad_f-10_f-10_brand_new_beautiful_house_1111_sq_yards_available_on_really_good_location-47656613-162-1.html,brand_new,price_ge_50_crore
ISL-0307,Islamabad,DHA Defence Phase 2,House,Sale,5,6,4500,4500.0,79000000,7.90 crore,DHA,False,"One Kanal Ultra Luxury Designer House In DHA Islamabad in DHA Defence Phase 2, DHA Defence · 5 bed · 6 bath · 1 Kanal",https://www.zameen.com/Property/dha_defence_dha_defence_phase_2_one_kanal_ultra_luxury_designer_house_in_dha_islamabad-53348273-339-1.html,,
ISL-0308,Islamabad,F-11 Markaz,Other,Sale,2,2,2115,2115.0,28000000,2.80 crore,Private / Unknown,False,"F-11 Luxury 2 Bedroom With Drawing Dining 2115 SqF Investor Price For Sale in F-11 Markaz, F-11 · 2 bed · 2 bath · 9.4 Marla",https://www.zameen.com/Property/f_11_f-11_markaz_f-11_luxury_2_bedroom_with_drawing_dining_2115_sqf_investor_price_for_sale-54636516-3286-1.html,,
ISL-0309,Islamabad,DHA Phase 2 - Sector A,House,Sale,7,6,4500,4500.0,87000000,8.70 crore,DHA,False,"HOT PROPERTY | DHA Phase 2 Islamabad Sector A | 1 Kanal Corner Double Unit House | Demand 8.70 Crore in DHA Phase 2 - Sector A, DHA Defence Phase 2 · 7 bed · 6 bath · 1 Kanal",https://www.zameen.com/Property/dha_defence_phase_2_dha_phase_2_-_sector_a_hot_property_dha_phase_2_islamabad_sector_a_1_kanal_corner_double_unit_house_demand_8_70_crore-54770899-3196-1.html,corner,
ISL-0310,Islamabad,Top City 1 - Block C,Flat,Sale,1,1,495,495.0,7800000,78.00 lac,Private / Unknown,False,"1 Bedroom Flat Is For Sale in Top City 1 - Block C, Top City 1 · 1 bed · 1 bath · 2.2 Marla",https://www.zameen.com/Property/top_city_1_top_city_1_-_block_c_1_bedroom_flat_is_for_sale-54784102-9232-1.html,,
ISL-0311,Islamabad,Bahria Enclave,House,Sale,5,5,2250,2250.0,57000000,5.70 crore,Bahria Town,False,"10 marla house available for sale on reasonable price in Bahria Enclave, Bahria Town · 5 bed · 5 bath · 10 Marla",https://www.zameen.com/Property/bahria_town_bahria_enclave_10_marla_house_available_for_sale_on_reasonable_price-54784065-1705-1.html,,
ISL-0312,Islamabad,DHA Phase 2 - Sector B,House,Sale,7,6,4500,4500.0,165000000,16.50 crore,DHA,False,"1 Kanal Ultra Luxurious Designer House For Sale In DHA-2 Islamabad in DHA Phase 2 - Sector B, DHA Defence Phase 2 · 7 bed · 6 bath · 1 Kanal",https://www.zameen.com/Property/dha_defence_phase_2_dha_phase_2_-_sector_b_1_kanal_ultra_luxurious_designer_house_for_sale_in_dha-2_islamabad-53041862-3197-1.html,,
ISL-0313,Islamabad,DHA Defence Phase 2,House,Sale,6,6,4500,4500.0,135000000,13.50 crore,DHA,False,"1 Kanal Brand New Beautiful Victorian Style House For Sale in DHA Defence Phase 2, DHA Defence · 6 bed · 6 bath · 1 Kanal",https://www.zameen.com/Property/dha_defence_dha_defence_phase_2_1_kanal_brand_new_beautiful_victorian_style_house_for_sale-53041861-339-1.html,brand_new,
ISL-0314,Islamabad,DHA Defence Phase 2,House,Sale,5,6,4500,4500.0,129000000,12.90 crore,DHA,False,"1 Kanal Brand New Beautiful Designer House For Sale in DHA Defence Phase 2, DHA Defence · 5 bed · 6 bath · 1 Kanal",https://www.zameen.com/Property/dha_defence_dha_defence_phase_2_1_kanal_brand_new_beautiful_designer_house_for_sale-52417300-339-1.html,brand_new,
ISL-0315,Islamabad,Top City 1,House,Sale,,,4500,4500.0,75000000,7.50 crore,Private / Unknown,False,"Buy A 1 Kanal House For sale In Top City 1 in Top City 1, Islamabad · 1 Kanal",https://www.zameen.com/Property/islamabad_top_city_1_buy_a_1_kanal_house_for_sale_in_top_city_1-54748514-1383-1.html,,bedrooms_missing|bathrooms_missing
ISL-0316,Islamabad,DHA Defence Phase 2,House,Sale,7,6,4500,4500.0,128000000,12.80 crore,DHA,False,"1 Kanal Brand New Double Unit House For Sale in DHA Defence Phase 2, DHA Defence · 7 bed · 6 bath · 1 Kanal",https://www.zameen.com/Property/dha_defence_dha_defence_phase_2_1_kanal_brand_new_double_unit_house_for_sale-53041866-339-1.html,brand_new,
ISL-0317,Islamabad,DHA Defence Phase 2,House,Sale,6,6,4500,4500.0,99000000,9.90 crore,DHA,False,"Stunning Double Unit Spanish Mansion Fully Furnished With Solar House For Sale in DHA Defence Phase 2, DHA Defence · 6 bed · 6 bath · 1 Kanal",https://www.zameen.com/Property/dha_defence_dha_defence_phase_2_stunning_double_unit_spanish_mansion_fully_furnished_with_solar_house_for_sale-54471512-339-1.html,furnished|solar,
ISL-0318,Islamabad,I-10/4,House,Sale,5,6,1350,1350.0,54000000,5.40 crore,Private / Unknown,False,"6 MARLA HOUSE AVAILABLE FOR SELL IN I-10/4 in I-10/4, I-10 · 5 bed · 6 bath · 6 Marla",https://www.zameen.com/Property/i_10_i-10_4_6_marla_house_available_for_sell_in_i-10_4-54639540-3423-1.html,,
ISL-0319,Islamabad,Bani Gala,House,Sale,4,5,1350,1350.0,26000000,2.60 crore,Private / Unknown,False,"Brand New 6 Marla Corner Tripple Story House For Sale in Bani Gala, Islamabad · 4 bed · 5 bath · 6 Marla",https://www.zameen.com/Property/islamabad_bani_gala_brand_new_6_marla_corner_tripple_story_house_for_sale-54763485-340-1.html,corner|brand_new,
ISL-0320,Islamabad,DHA Phase 5 - Sector F,House,Sale,4,5,1125,1125.0,38000000,3.80 crore,DHA,False,"Luxury 5 Marla Brand New House For Sale - Sector F, DHA Phase 5 in DHA Phase 5 - Sector F, DHA Defence Phase 5 · 4 bed · 5 bath · 5 Marla",https://www.zameen.com/Property/dha_defence_phase_5_dha_phase_5_-_sector_f_luxury_5_marla_brand_new_house_for_sale_-_sector_f_dha_phase_5-54074609-8836-1.html,brand_new,
ISL-0321,Islamabad,MPCHS - Multi Gardens,House,Sale,4,5,1125,1125.0,31500000,3.15 crore,Private / Unknown,False,"5 Marla Double Heighted Designer House For Sale In B-17,Multi Gardens, Islamabad in MPCHS - Multi Gardens, B-17 · 4 bed · 5 bath · 5 Marla",https://www.zameen.com/Property/b_17_mpchs_-_multi_gardens_5_marla_double_heighted_designer_house_for_sale_in_b-17_multi_gardens_islamabad-54535359-3115-1.html,,
ISL-0322,Islamabad,G-9/4,House,Sale,8,6,3150,3150.0,170000000,17.00 crore,Private / Unknown,False,"Idyllic Prime Location House Available In G-9/4 For sale in G-9/4, G-9 · 8 bed · 6 bath · 14 Marla",https://www.zameen.com/Property/g_9_g-9_4_idyllic_prime_location_house_available_in_g-9_4_for_sale-54780512-3387-1.html,,
ISL-0323,Islamabad,E-11,House,Sale,,,2250,2250.0,75000000,7.50 crore,Private / Unknown,False,"House Of 10 Marla Is Available For Sale in E-11, Islamabad · 10 Marla",https://www.zameen.com/Property/islamabad_e-11_house_of_10_marla_is_available_for_sale-54729781-329-1.html,,bedrooms_missing|bathrooms_missing
ISL-0324,Islamabad,Mumtaz City,House,Sale,6,7,1507,1507.5,35000000,3.50 crore,Private / Unknown,False,"NEW BEAUTIFUL DOUBLE STOREY HOUSE FOR SALE in Mumtaz City, Islamabad · 6 bed · 7 bath · 6.7 Marla",https://www.zameen.com/Property/islamabad_mumtaz_city_new_beautiful_double_storey_house_for_sale-54398094-3464-1.html,,
ISL-0325,Islamabad,G-10/4,House,Sale,3,3,1260,1260.0,52500000,5.25 crore,Private / Unknown,False,"House 1250 Square Feet For sale In G-10/4 in G-10/4, G-10 · 3 bed · 3 bath · 5.6 Marla",https://www.zameen.com/Property/g_10_g-10_4_house_1250_square_feet_for_sale_in_g-10_4-54777816-3327-1.html,,
ISL-0326,Islamabad,J7 Emporium,Flat,Sale,1,1,742,742.5,18100000,1.81 crore,Private / Unknown,False,"J7 Emporium Service Apartments in J7 Emporium, B-17 · 1 bed · 1 bath · 3.3 Marla",https://www.zameen.com/Property/b_17_j7_emporium_j7_emporium_service_apartments-53976386-17263-1.html,,
ISL-0327,Islamabad,E-11,House,Sale,5,5,2250,2250.0,83000000,8.30 crore,Private / Unknown,False,"BEAUTIFUL LOCATION HOUSE FOR SALE in E-11, Islamabad · 5 bed · 5 bath · 10 Marla",https://www.zameen.com/Property/islamabad_e-11_beautiful_location_house_for_sale-54703765-329-1.html,,
ISL-0328,Islamabad,G-13,House,Sale,6,6,2250,2250.0,87500000,8.75 crore,Private / Unknown,False,"35x70 (10Marla) brand New stunning house For Sale In G13 in G-13, Islamabad · 6 bed · 6 bath · 10 Marla",https://www.zameen.com/Property/islamabad_g-13_35x70_10marla_brand_new_stunning_house_for_sale_in_g13-54748877-330-1.html,brand_new,
ISL-0329,Islamabad,DHA Defence Phase 2,House,Sale,5,6,4500,4500.0,65000000,6.50 crore,DHA,False,"One Kanal Ultra Luxury Designer House For Sale In DHA 2 in DHA Defence Phase 2, DHA Defence · 5 bed · 6 bath · 1 Kanal",https://www.zameen.com/Property/dha_defence_dha_defence_phase_2_one_kanal_ultra_luxury_designer_house_for_sale_in_dha_2-54415364-339-1.html,,
ISL-0330,Islamabad,Smama Star Mall & Residency,Flat,Sale,3,3,1237,1237.5,16500000,1.65 crore,Private / Unknown,False,"3 Bed Furnished Apparments Available For Sale Samama Star Direct Allotee in Smama Star Mall & Residency, Gulberg Greens · 3 bed · 3 bath · 5.5 Marla",https://www.zameen.com/Property/gulberg_greens_smama_star_mall_residency_3_bed_furnished_apparments_available_for_sale_samama_star_direct_allotee-53117838-11278-1.html,furnished,
ISL-0331,Islamabad,D-12/4,House,Sale,5,5,1125,1125.0,62500000,6.25 crore,Private / Unknown,False,"A On Excellent Location 5 Marla House Is Up For Grabs In D-12 in D-12/4, D-12 · 5 bed · 5 bath · 5 Marla",https://www.zameen.com/Property/d_12_d-12_4_a_on_excellent_location_5_marla_house_is_up_for_grabs_in_d-12-54653070-3157-1.html,,
ISL-0332,Islamabad,Gulberg Greens - Block E,Farm House,Sale,10,6,22500,22500.0,350000000,35.00 crore,Private / Unknown,False,"E Block Furnished Farm House Available For Sale in Gulberg Greens - Block E, Gulberg Greens · 10 bed · 6 bath · 5 Kanal",https://www.zameen.com/Property/gulberg_greens_gulberg_greens_-_block_e_e_block_furnished_farm_house_available_for_sale-53389657-8317-1.html,furnished,
ISL-0333,Islamabad,DHA Valley,House,Sale,3,3,1800,1800.0,20000000,2.00 crore,DHA,False,"8 marla home for sale mian bolivood in DHA Valley, DHA Defence · 3 bed · 3 bath · 8 Marla",https://www.zameen.com/Property/dha_defence_dha_valley_8_marla_home_for_sale_mian_bolivood-54783962-1333-1.html,,
ISL-0334,Islamabad,Top City 1,Flat,Sale,3,3,1440,1440.0,14500000,1.45 crore,Private / Unknown,True,"FOR SALE 1450 Sqft 3-Bed Apartment On Installment TOP CITY-1 in Top City 1, Islamabad · 3 bed · 3 bath · 6.4 Marla",https://www.zameen.com/Property/islamabad_top_city_1_for_sale_1450_sqft_3-bed_apartment_on_installment_top_city-1-54734068-1383-1.html,,
ISL-0335,Islamabad,F-7,Plot,Sale,4,6,16200,18000.0,1100000000,110.00 crore,Private / Unknown,False,"House For Sale In F7 On Prime Location 1777 Sequr Yard With Beautiful 04 Kanal Extra Land in F-7, Islamabad · 4 bed · 6 bath · 3.6 Kanal",https://www.zameen.com/Property/islamabad_f-7_house_for_sale_in_f7_on_prime_location_1777_sequr_yard_with_beautiful_04_kanal_extra_land-54557324-165-1.html,,plot_with_bedrooms|price_ge_50_crore|size_conflict
ISL-0336,Islamabad,F-8,House,Sale,4,5,4500,4500.0,260000000,26.00 crore,Private / Unknown,False,"House For Sale In F8 Prime Location in F-8, Islamabad · 4 bed · 5 bath · 1 Kanal",https://www.zameen.com/Property/islamabad_f-8_house_for_sale_in_f8_prime_location-54555809-166-1.html,,
ISL-0337,Islamabad,F-6,House,Sale,7,6,9000,9000.0,1000000000,100.00 crore,Private / Unknown,False,"Luxury Ambassadors Level House For Sale In F6 On Prime Location Incoming Rent 10000$ USD Per Month in F-6, Islamabad · 7 bed · 6 bath · 2 Kanal",https://www.zameen.com/Property/islamabad_f-6_luxury_ambassadors_level_house_for_sale_in_f6_on_prime_location_incoming_rent_10000_usd_per_month-54554789-164-1.html,,price_ge_50_crore
ISL-0338,Islamabad,F-7,House,Sale,7,6,4500,4500.0,410000000,41.00 crore,Private / Unknown,False,"Brand New House For Sale In F7 Prime Location With Swimming Pool in F-7, Islamabad · 7 bed · 6 bath · 1 Kanal",https://www.zameen.com/Property/islamabad_f-7_brand_new_house_for_sale_in_f7_prime_location_with_swimming_pool-54550757-165-1.html,swimming_pool|brand_new,
ISL-0339,Islamabad,F-8/3,House,Sale,6,,4005,4005.0,450000000,45.00 crore,Private / Unknown,False,"F-8 Brand New House For Sale in F-8/3, F-8 · 6 bed · 17.8 Marla",https://www.zameen.com/Property/f_8_f-8_3_f-8_brand_new_house_for_sale-49452597-3316-1.html,brand_new,bathrooms_missing
ISL-0340,Islamabad,G-6,House,Sale,6,6,14850,14850.0,610000000,61.00 crore,Private / Unknown,False,"G6/3 Most Prime Location House For Sale in G-6, Islamabad · 6 bed · 6 bath · 3.3 Kanal",https://www.zameen.com/Property/islamabad_g-6_g6_3_most_prime_location_house_for_sale-54533387-169-1.html,,price_ge_50_crore
ISL-0341,Islamabad,DHA Defence Phase 2,House,Sale,5,5,4500,4500.0,150000000,15.00 crore,DHA,False,"1 Kanal Brand New Designer House For Sale In DHA Phase 2 Islamabad in DHA Defence Phase 2, DHA Defence · 5 bed · 5 bath · 1 Kanal",https://www.zameen.com/Property/dha_defence_dha_defence_phase_2_1_kanal_brand_new_designer_house_for_sale_in_dha_phase_2_islamabad-54323212-339-1.html,brand_new,
ISL-0342,Islamabad,MPCHS - Block E,House,Sale,,,1800,1800.0,41500000,4.15 crore,Private / Unknown,False,"Stunning 8 Marla House In MPCHS - Block E Available in MPCHS - Block E, MPCHS - Multi Gardens · 8 Marla",https://www.zameen.com/Property/mpchs_multi_gardens_mpchs_-_block_e_stunning_8_marla_house_in_mpchs_-_block_e_available-54767561-3120-1.html,,bedrooms_missing|bathrooms_missing
ISL-0343,Islamabad,DHA Defence Phase 2,House,Sale,5,6,4500,4500.0,80000000,8.00 crore,DHA,False,"Minimalist Style 1 Kanal Brand New Designer House Ready For Sale In DHA Defence Phase 2 Islamabad in DHA Defence Phase 2, DHA Defence · 5 bed · 6 bath · 1 Kanal",https://www.zameen.com/Property/dha_defence_dha_defence_phase_2_minimalist_style_1_kanal_brand_new_designer_house_ready_for_sale_in_dha_defence_phase_2_islamabad-54739577-339-1.html,brand_new,
ISL-0344,Islamabad,Top City 1,Flat,Sale,1,1,540,540.0,5900000,59.00 lac,Private / Unknown,True,"FOR SALE 550 sqft 1-Bed Apartment on Installment TOP CITY-1 in Top City 1, Islamabad · 1 bed · 1 bath · 2.4 Marla",https://www.zameen.com/Property/islamabad_top_city_1_for_sale_550_sqft_1-bed_apartment_on_installment_top_city-1-54731257-1383-1.html,,
ISL-0345,Islamabad,DHA Defence Phase 2,House,Sale,5,6,4500,4500.0,143000000,14.30 crore,DHA,False,"Brand New House For Sale  Prime Location in DHA Defence Phase 2, DHA Defence · 5 bed · 6 bath · 1 Kanal",https://www.zameen.com/Property/dha_defence_dha_defence_phase_2_brand_new_house_for_sale_prime_location-54773959-339-1.html,brand_new,
ISL-0346,Islamabad,Bahria Enclave - Sector C1,Flat,Sale,2,2,1012,1012.5,11500000,1.15 crore,Private / Unknown,False,"Brand New 2 Bedroom Apartment For Sale in Bahria Enclave - Sector C1, Bahria Enclave · 2 bed · 2 bath · 4.5 Marla",https://www.zameen.com/Property/bahria_enclave_bahria_enclave_-_sector_c1_brand_new_2_bedroom_apartment_for_sale-46434452-11987-1.html,brand_new,
ISL-0347,Islamabad,Faisal Town - F-18,House,Sale,5,6,1125,1125.0,34000000,3.40 crore,Private / Unknown,False,"Green Belt House for sale in Faisal Town - F-18, Islamabad · 5 bed · 6 bath · 5 Marla",https://www.zameen.com/Property/islamabad_faisal_town_-_f-18_green_belt_house_for_sale-54700480-8260-1.html,,
ISL-0348,Islamabad,G-14/4,House,Sale,6,7,2250,2250.0,99900000,9.99 crore,Private / Unknown,False,"3570 Ultra Luxury Designer House | 70 Ft Road | Double Road Back | G-14 in G-14/4, G-14 · 6 bed · 7 bath · 10 Marla",https://www.zameen.com/Property/g_14_g-14_4_3570_ultra_luxury_designer_house_70_ft_road_double_road_back_g-14-54457876-3346-1.html,,
ISL-0349,Islamabad,I-14/2,House,Sale,4,7,2250,2250.0,65000000,6.50 crore,Private / Unknown,False,"Premium Luxury House for Sale in I-14/2 | Main Boulevard in I-14/2, I-14 · 4 bed · 7 bath · 10 Marla",https://www.zameen.com/Property/i_14_i-14_2_premium_luxury_house_for_sale_in_i-14_2_main_boulevard-54720655-8341-1.html,,
ISL-0350,Islamabad,I-14/3,House,Sale,7,7,3375,3375.0,105000000,10.50 crore,Private / Unknown,False,"7 Bed Luxury House On Double Road In I-14/3 | Markaz Facing | Urgent Sale in I-14/3, I-14 · 7 bed · 7 bath · 15 Marla",https://www.zameen.com/Property/i_14_i-14_3_7_bed_luxury_house_on_double_road_in_i-14_3_markaz_facing_urgent_sale-54699015-8342-1.html,,
ISL-0351,Islamabad,DHA Defence Phase 2,House,Sale,5,6,4500,4500.0,154500000,15.45 crore,DHA,False,"1 Kanal Brand New Designer And Outstanding House Up For Sale In Dha2 Islamabad. in DHA Defence Phase 2, DHA Defence · 5 bed · 6 bath · 1 Kanal",https://www.zameen.com/Property/dha_defence_dha_defence_phase_2_1_kanal_brand_new_designer_and_outstanding_house_up_for_sale_in_dha2_islamabad-54759505-339-1.html,brand_new,
ISL-0352,Islamabad,DHA Defence Phase 2,House,Sale,5,6,4500,4500.0,119000000,11.90 crore,DHA,False,"Dha Phase 2 One Kanal Brand New Luxurious Designer House For Sale in DHA Defence Phase 2, DHA Defence · 5 bed · 6 bath · 1 Kanal",https://www.zameen.com/Property/dha_defence_dha_defence_phase_2_dha_phase_2_one_kanal_brand_new_luxurious_designer_house_for_sale-52911572-339-1.html,brand_new,
ISL-0353,Islamabad,Roman Grove,Flat,Sale,1,1,562,562.5,9800000,98.00 lac,DHA,False,"1 BHK For Sale In Roman Grove DHA 1 Sector F Islamabad in Roman Grove, DHA Phase 1 - Sector F · 1 bed · 1 bath · 2.5 Marla",https://www.zameen.com/Property/dha_phase_1_sector_f_roman_grove_1_bhk_for_sale_in_roman_grove_dha_1_sector_f_islamabad-54727215-17009-1.html,,
ISL-0354,Islamabad,Kazani Heights,Flat,Sale,1,2,562,562.5,10500000,1.05 crore,Private / Unknown,False,"573 Sq. Ft 1-Bed Apartment for Sale | 6th Floor | Park Facing | Kazani Heights 1, Islamabad in Kazani Heights, Islamabad Expressway · 1 bed · 2 bath · 2.5 Marla",https://www.zameen.com/Property/islamabad_expressway_kazani_heights_573_sq_ft_1-bed_apartment_for_sale_6th_floor_park_facing_kazani_heights_1_islamabad-54766916-13445-1.html,park,
ISL-0355,Islamabad,Gulberg Greens - Block C,Farm House,Sale,8,6,18000,18000.0,300000000,30.00 crore,Private / Unknown,False,"Gulberg Green'S Block C Furnished Farm House Available For Sale in Gulberg Greens - Block C, Gulberg Greens · 8 bed · 6 bath · 4 Kanal",https://www.zameen.com/Property/gulberg_greens_gulberg_greens_-_block_c_gulberg_green_s_block_c_furnished_farm_house_available_for_sale-54774362-8315-1.html,furnished,
ISL-0356,Islamabad,Gulberg Residencia - Block L,House,Sale,6,6,2250,2250.0,47000000,4.70 crore,Private / Unknown,False,"10 Marla House Block L, Corner House in Gulberg Residencia - Block L, Gulberg Residencia · 6 bed · 6 bath · 10 Marla",https://www.zameen.com/Property/gulberg_residencia_gulberg_residencia_-_block_l_10_marla_house_block_l_corner_house-54768232-9122-1.html,corner,
ISL-0357,Islamabad,Gulberg Arena Mall,Studio,Sale,,1,697,697.5,10500000,1.05 crore,Private / Unknown,False,"Gulberg Areena Studio Aparment Available For Sale in Gulberg Arena Mall, Gulberg Greens · 1 bath · 3.1 Marla",https://www.zameen.com/Property/gulberg_greens_gulberg_arena_mall_gulberg_areena_studio_aparment_available_for_sale-54663343-19297-1.html,,bedrooms_missing
ISL-0358,Islamabad,DHA Defence Phase 2,House,Sale,5,5,4500,4500.0,77000000,7.70 crore,DHA,False,"10 Marla brand new house for sale in DHA Defence Phase 2, DHA Defence · 5 bed · 5 bath · 1 Kanal",https://www.zameen.com/Property/dha_defence_dha_defence_phase_2_10_marla_brand_new_house_for_sale-54783793-339-1.html,brand_new,
ISL-0359,Islamabad,DHA Defence Phase 2,Flat,Sale,2,2,1350,1350.0,22900000,2.29 crore,DHA,False,"Two Bedroom Apartment For Sale In Goldcrest Views-1 Tower A Near Giga Mall, World Trade Center DHA-2 Islamabad in DHA Defence Phase 2, DHA Defence · 2 bed · 2 bath · 6 Marla",https://www.zameen.com/Property/dha_defence_dha_defence_phase_2_two_bedroom_apartment_for_sale_in_goldcrest_views-1_tower_a_near_giga_mall_world_trade_center_dha-2_islamabad-51227716-339-1.html,,
ISL-0360,Islamabad,G-13,House,Sale,6,6,2250,2250.0,89000000,8.90 crore,Private / Unknown,False,"10 Marla (35x70) Almost Brand New Corner House Available for Sale in G-13 in G-13, Islamabad · 6 bed · 6 bath · 10 Marla",https://www.zameen.com/Property/islamabad_g-13_10_marla_35x70_almost_brand_new_corner_house_available_for_sale_in_g-13-54749836-330-1.html,corner|brand_new,
ISL-0361,Islamabad,F-10,House,Sale,8,,9000,9000.0,650000000,65.00 crore,Private / Unknown,False,"Triple-Storey 2-Kanal Ultra Luxury House For Sale In F-10 in F-10, Islamabad · 8 bed · 2 Kanal",https://www.zameen.com/Property/islamabad_f-10_triple-storey_2-kanal_ultra_luxury_house_for_sale_in_f-10-53636052-162-1.html,,bathrooms_missing|price_ge_50_crore
ISL-0362,Islamabad,F-10,House,Sale,5,5,4500,4500.0,250000000,25.00 crore,Private / Unknown,False,"One Kanal Sun Face Designer House For Sale in F-10, Islamabad · 5 bed · 5 bath · 1 Kanal",https://www.zameen.com/Property/islamabad_f-10_one_kanal_sun_face_designer_house_for_sale-53664456-162-1.html,,
ISL-0363,Islamabad,F-10,House,Sale,4,6,5850,5850.0,340000000,34.00 crore,Private / Unknown,False,"Ultra-Modern Triple Story Designer House For Sale In F-10 | Front Open | Margalla View in F-10, Islamabad · 4 bed · 6 bath · 1.3 Kanal",https://www.zameen.com/Property/islamabad_f-10_ultra-modern_triple_story_designer_house_for_sale_in_f-10_front_open_margalla_view-53658484-162-1.html,,
ISL-0364,Islamabad,Florence Galleria,Studio,Sale,,1,360,360.0,12700000,1.27 crore,DHA,False,"Studio for Sale in DHA 2 | 14 Days Free + 70 Amenities | Annual Return 25.5 Lakh in Florence Galleria, DHA Phase 2 - Sector C · 1 bath · 1.6 Marla",https://www.zameen.com/Property/dha_phase_2_sector_c_florence_galleria_studio_for_sale_in_dha_2_14_days_free_70_amenities_annual_return_25_5_lakh-54783753-22022-1.html,,bedrooms_missing
ISL-0365,Islamabad,G-10,House,Sale,6,6,1575,1575.0,68500000,6.85 crore,Private / Unknown,False,"7 Marla Newly Build House For Sale In G-10 in G-10, Islamabad · 6 bed · 6 bath · 7 Marla",https://www.zameen.com/Property/islamabad_g-10_7_marla_newly_build_house_for_sale_in_g-10-54265121-167-1.html,,
ISL-0366,Islamabad,DHA Defence Phase 2,House,Sale,5,6,2250,2250.0,82500000,8.25 crore,DHA,False,"10 Marla House Is Available In Affordable Price In DHA Defence Phase 2 in DHA Defence Phase 2, DHA Defence · 5 bed · 6 bath · 10 Marla",https://www.zameen.com/Property/dha_defence_dha_defence_phase_2_10_marla_house_is_available_in_affordable_price_in_dha_defence_phase_2-54731107-339-1.html,,
ISL-0367,Islamabad,DHA Phase 2 - Sector E,House,Sale,5,6,2250,2250.0,82500000,8.25 crore,DHA,False,"Stunning And Affordable House Available For Sale In DHA Phase 2 - Sector E in DHA Phase 2 - Sector E, DHA Defence Phase 2 · 5 bed · 6 bath · 10 Marla",https://www.zameen.com/Property/dha_defence_phase_2_dha_phase_2_-_sector_e_stunning_and_affordable_house_available_for_sale_in_dha_phase_2_-_sector_e-54069877-3200-1.html,,
ISL-0368,Islamabad,DHA Phase 1 - Sector F,House,Sale,9,,11700,11700.0,270000000,27.00 crore,DHA,False,"52 Marla House Up For Sale In DHA Phase 1 - Sector F in DHA Phase 1 - Sector F, DHA Defence Phase 1 · 9 bed · 2.6 Kanal",https://www.zameen.com/Property/dha_defence_phase_1_dha_phase_1_-_sector_f_52_marla_house_up_for_sale_in_dha_phase_1_-_sector_f-54731173-8226-1.html,,bathrooms_missing
ISL-0369,Islamabad,DHA Defence Phase 2,House,Sale,,,6750,6750.0,149000000,14.90 crore,DHA,False,"Buy Your Ideal 30 Marla House In A Prime Location Of Islamabad in DHA Defence Phase 2, DHA Defence · 1.5 Kanal",https://www.zameen.com/Property/dha_defence_dha_defence_phase_2_buy_your_ideal_30_marla_house_in_a_prime_location_of_islamabad-54731347-339-1.html,,bedrooms_missing|bathrooms_missing
ISL-0370,Islamabad,DHA Phase 2 - Sector C,House,Sale,7,6,2250,2250.0,69000000,6.90 crore,DHA,False,"Excellent 10 Marla House , Corner , 3 Sides Open With Solar System For Sale . This Is A Triple Storey House With Top Class Open Basement. in DHA Phase 2 - Sector C, DHA Defence Phase 2 · 7 bed · 6 bath · 10 Marla",https://www.zameen.com/Property/dha_defence_phase_2_dha_phase_2_-_sector_c_excellent_10_marla_house_corner_3_sides_open_with_solar_system_for_sale_this_is_a_triple_storey_house_with_top_class_open_basement-54748879-3198-1.html,basement|corner|solar,
ISL-0371,Islamabad,I-14,House,Sale,4,7,1912,1912.5,49000000,4.90 crore,Private / Unknown,False,"30*70 ( 8.5 ) Marla Brand New Double Story House Located in 50 ft Wide Street Available For Sale In CDA Sector i 14 Islamabad. in I-14, Islamabad · 4 bed · 7 bath · 8.5 Marla",https://www.zameen.com/Property/islamabad_i-14_30_70_8_5_marla_brand_new_double_story_house_located_in_50_ft_wide_street_available_for_sale_in_cda_sector_i_14_islamabad-54759059-1045-1.html,brand_new,
ISL-0372,Islamabad,DHA Defence Phase 1,House,Sale,6,7,4500,4500.0,112500000,11.25 crore,DHA,False,"1 Kanal Fully Luxury Stylish House For Sale in DHA Defence Phase 1, DHA Defence · 6 bed · 7 bath · 1 Kanal",https://www.zameen.com/Property/dha_defence_dha_defence_phase_1_1_kanal_fully_luxury_stylish_house_for_sale-54758533-376-1.html,,
ISL-0373,Islamabad,DHA Defence Phase 2,House,Sale,5,6,4500,4500.0,140000000,14.00 crore,DHA,False,"Designer House in DHA Defence Phase 2, DHA Defence · 5 bed · 6 bath · 1 Kanal",https://www.zameen.com/Property/dha_defence_dha_defence_phase_2_designer_house-54781686-339-1.html,,
ISL-0374,Islamabad,I-11/2,House,Sale,5,5,1350,1350.0,48500000,4.85 crore,Private / Unknown,False,"Two 5-Bed Houses For Sale In I-11/2 Islamabad Inverter ACs Included 1500 sq feet in I-11/2, I-11 · 5 bed · 5 bath · 6 Marla",https://www.zameen.com/Property/i_11_i-11_2_two_5-bed_houses_for_sale_in_i-11_2_islamabad_inverter_acs_included_1500_sq_feet-54781451-9879-1.html,,
ISL-0375,Islamabad,MPCHS - Block C1,House,Sale,5,6,2250,2250.0,59500000,5.95 crore,Private / Unknown,False,"10-MARLA CORNER HOUSE AVAILABLE FOR SALE in MPCHS - Block C1, MPCHS - Multi Gardens · 5 bed · 6 bath · 10 Marla",https://www.zameen.com/Property/mpchs_multi_gardens_mpchs_-_block_c1_10-marla_corner_house_available_for_sale-54781283-12607-1.html,corner,
ISL-0376,Islamabad,Bahria Enclave - Sector M,House,Sale,5,7,2250,2250.0,45000000,4.50 crore,Private / Unknown,False,"Sector M 10 Marla Brand New House Excellent Construction Quality Heighted Location House Available For Sale in Bahria Enclave - Sector M, Bahria Enclave · 5 bed · 7 bath · 10 Marla",https://www.zameen.com/Property/bahria_enclave_bahria_enclave_-_sector_m_sector_m_10_marla_brand_new_house_excellent_construction_quality_heighted_location_house_available_for_sale-53692586-11977-1.html,brand_new,
ISL-0377,Islamabad,Bahria Enclave - Sector N,House,Sale,3,4,1125,1125.0,27000000,2.70 crore,Private / Unknown,False,"Sector N 5 Marla Used House Excellent Construction Quality Sun Facing House Available For Sale in Bahria Enclave - Sector N, Bahria Enclave · 3 bed · 4 bath · 5 Marla",https://www.zameen.com/Property/bahria_enclave_bahria_enclave_-_sector_n_sector_n_5_marla_used_house_excellent_construction_quality_sun_facing_house_available_for_sale-54622419-11975-1.html,,
ISL-0378,Islamabad,Gulberg Greens - Block B,Farm House,Sale,10,6,22500,22500.0,290000000,29.00 crore,Private / Unknown,False,"5 Kanal Furnished Farmhouse Available For Sale Block B in Gulberg Greens - Block B, Gulberg Greens · 10 bed · 6 bath · 5 Kanal",https://www.zameen.com/Property/gulberg_greens_gulberg_greens_-_block_b_5_kanal_furnished_farmhouse_available_for_sale_block_b-53116821-8314-1.html,furnished,
ISL-0379,Islamabad,Gulberg Greens - Block B,Farm House,Sale,10,6,22500,22500.0,315000000,31.50 crore,Private / Unknown,False,"5 Kanal Block B Furnished Farm House Available For Sale in Gulberg Greens - Block B, Gulberg Greens · 10 bed · 6 bath · 5 Kanal",https://www.zameen.com/Property/gulberg_greens_gulberg_greens_-_block_b_5_kanal_block_b_furnished_farm_house_available_for_sale-53116696-8314-1.html,furnished,
ISL-0380,Islamabad,Gulberg Heights,Flat,Sale,2,3,1350,1350.0,17500000,1.75 crore,Private / Unknown,False,"Two Bed Furnished Apartment Available For Sale Gulberg Heights in Gulberg Heights, Gulberg Greens · 2 bed · 3 bath · 6 Marla",https://www.zameen.com/Property/gulberg_greens_gulberg_heights_two_bed_furnished_apartment_available_for_sale_gulberg_heights-52556333-19298-1.html,furnished,
ISL-0381,Islamabad,Diamond Mall & Residency,Flat,Sale,2,3,877,877.5,14500000,1.45 crore,Private / Unknown,False,"Diamond Mall Two Bed Furnished Apartments Available For Sale In Gulberg Green Islamabad in Diamond Mall & Residency, Gulberg Greens · 2 bed · 3 bath · 3.9 Marla",https://www.zameen.com/Property/gulberg_greens_diamond_mall_residency_diamond_mall_two_bed_furnished_apartments_available_for_sale_in_gulberg_green_islamabad-52386439-10982-1.html,furnished,
ISL-0382,Islamabad,Gulberg Greens - Executive Block,Farm House,Sale,11,7,22500,22500.0,220000000,22.00 crore,Private / Unknown,False,"Farm House Available For Sale in Gulberg Greens - Executive Block, Gulberg Greens · 11 bed · 7 bath · 5 Kanal",https://www.zameen.com/Property/gulberg_greens_gulberg_greens_-_executive_block_farm_house_available_for_sale-51324000-10386-1.html,,
ISL-0383,Islamabad,G-11/3,House,Sale,3,3,675,675.0,33000000,3.30 crore,Private / Unknown,False,"3 Marla Beautiful House is Available for Sale in G-11, Islamabad in G-11/3, G-11 · 3 bed · 3 bath · 3 Marla",https://www.zameen.com/Property/g_11_g-11_3_3_marla_beautiful_house_is_available_for_sale_in_g-11_islamabad-54752994-3332-1.html,,
ISL-0384,Islamabad,DHA Defence Phase 2,House,Sale,5,6,4500,4500.0,112200000,11.22 crore,DHA,False,"Contemporary Style 1 Kanal Designer House Ready For Sale In DHA Defence Phase 2 Islamabad in DHA Defence Phase 2, DHA Defence · 5 bed · 6 bath · 1 Kanal",https://www.zameen.com/Property/dha_defence_dha_defence_phase_2_contemporary_style_1_kanal_designer_house_ready_for_sale_in_dha_defence_phase_2_islamabad-54735280-339-1.html,,
ISL-0385,Islamabad,D-12,House,Sale,7,,3195,3195.0,160000000,16.00 crore,Private / Unknown,False,"Looking For A House In D-12 in D-12, Islamabad · 7 bed · 14.2 Marla",https://www.zameen.com/Property/islamabad_d-12_looking_for_a_house_in_d-12-54616814-160-1.html,,bathrooms_missing
ISL-0386,Islamabad,D-12,House,Sale,6,6,3195,3195.0,150000000,15.00 crore,Private / Unknown,False,"Idyllic House Available In D-12 For Sale in D-12, Islamabad · 6 bed · 6 bath · 14.2 Marla",https://www.zameen.com/Property/islamabad_d-12_idyllic_house_available_in_d-12_for_sale-54616820-160-1.html,,
ISL-0387,Islamabad,Gulberg Greens - Block B,Farm House,Sale,10,6,27000,27000.0,350000000,35.00 crore,Private / Unknown,False,"Farm House For Sale Gulberg Greens Islamabad in Gulberg Greens - Block B, Gulberg Greens · 10 bed · 6 bath · 6 Kanal",https://www.zameen.com/Property/gulberg_greens_gulberg_greens_-_block_b_farm_house_for_sale_gulberg_greens_islamabad-51248530-8314-1.html,,
ISL-0388,Islamabad,Roman Grove,Studio,Sale,,1,562,562.5,9000000,90.00 lac,DHA,False,"Studio Apartment For Sale In Roman Grove DHA Phase 1 Sector F Islamabad in Roman Grove, DHA Phase 1 - Sector F · 1 bath · 2.5 Marla",https://www.zameen.com/Property/dha_phase_1_sector_f_roman_grove_studio_apartment_for_sale_in_roman_grove_dha_phase_1_sector_f_islamabad-54687145-17009-1.html,,bedrooms_missing
ISL-0389,Islamabad,DHA Phase 2 - Sector B,House,Sale,5,,4500,4500.0,148000000,14.80 crore,DHA,False,"Reserve A House Now In DHA Phase 2 - Sector B in DHA Phase 2 - Sector B, DHA Defence Phase 2 · 5 bed · 1 Kanal",https://www.zameen.com/Property/dha_defence_phase_2_dha_phase_2_-_sector_b_reserve_a_house_now_in_dha_phase_2_-_sector_b-54755825-3197-1.html,,bathrooms_missing
ISL-0390,Islamabad,DHA Phase 2 - Sector D,Other,Sale,5,6,4500,4500.0,105500000,10.55 crore,DHA,False,"1 Kanal Masterpiece Corner In DHA Phase 2 Islamabad 5 Bedrooms With Attached Baths, Spacious Lounges & Premium Finishes in DHA Phase 2 - Sector D, DHA Defence Phase 2 · 5 bed · 6 bath · 1 Kanal",https://www.zameen.com/Property/dha_defence_phase_2_dha_phase_2_-_sector_d_1_kanal_masterpiece_corner_in_dha_phase_2_islamabad_5_bedrooms_with_attached_baths_spacious_lounges_premium_finishes-54088922-3199-1.html,corner,
ISL-0391,Islamabad,DHA Defence Phase 1,House,Sale,5,6,4500,4500.0,115000000,11.50 crore,DHA,False,"Affordable On Excellent Location Brand New House Of 1 Kanal Is Available For Sale in DHA Defence Phase 1, DHA Defence · 5 bed · 6 bath · 1 Kanal",https://www.zameen.com/Property/dha_defence_dha_defence_phase_1_affordable_on_excellent_location_brand_new_house_of_1_kanal_is_available_for_sale-54728570-376-1.html,brand_new,
ISL-0392,Islamabad,DHA Defence Phase 2,House,Sale,5,6,4500,4500.0,137000000,13.70 crore,DHA,False,"Brand New Corner House For Sale Prime Location Near To Masjid Near To Giga Mall Near To ApS School Near To Control Park Near To Nova Care Hosptl Near To KFC Near To TLT in DHA Defence Phase 2, DHA Defence · 5 bed · 6 bath · 1 Kanal",https://www.zameen.com/Property/dha_defence_dha_defence_phase_2_brand_new_corner_house_for_sale_prime_location_near_to_masjid_near_to_giga_mall_near_to_aps_school_near_to_control_park_near_to_nova_care_hosptl_near_to_kfc_near_to_tlt-54741139-339-1.html,corner|park|mosque|school|brand_new,
ISL-0393,Islamabad,I-8/2,Other,Sale,5,6,2790,2790.0,127500000,12.75 crore,Private / Unknown,False,"Beautiful Renovated 35x80 Double Storey In I-8/2 in I-8/2, I-8 · 5 bed · 6 bath · 12.4 Marla",https://www.zameen.com/Property/i_8_i-8_2_beautiful_renovated_35x80_double_storey_in_i-8_2-54743605-3442-1.html,,
ISL-0394,Islamabad,DHA Defence Phase 1,House,Sale,5,6,4500,4500.0,107500000,10.75 crore,DHA,False,"DHA 1 Islamabad House For sale in DHA Defence Phase 1, DHA Defence · 5 bed · 6 bath · 1 Kanal",https://www.zameen.com/Property/dha_defence_dha_defence_phase_1_dha_1_islamabad_house_for_sale-54609700-376-1.html,,
ISL-0395,Islamabad,Zarkon Heights,Flat,Sale,2,2,1237,1237.5,18500000,1.85 crore,Private / Unknown,False,"2 Bed Luxury Apartment Available. For Sale In Zarkon Heights G-15 Islamabad. in Zarkon Heights, G-15 · 2 bed · 2 bath · 5.5 Marla",https://www.zameen.com/Property/g_15_zarkon_heights_2_bed_luxury_apartment_available_for_sale_in_zarkon_heights_g-15_islamabad-54711081-10169-1.html,,
ISL-0396,Islamabad,Bahria Enclave,House,Sale,5,6,2250,2250.0,44000000,4.40 crore,Bahria Town,False,"10 Marla Slightly Used House for Sale | 5 Beds | Bahria Enclave Islamabad in Bahria Enclave, Bahria Town · 5 bed · 6 bath · 10 Marla",https://www.zameen.com/Property/bahria_town_bahria_enclave_10_marla_slightly_used_house_for_sale_5_beds_bahria_enclave_islamabad-54777411-1705-1.html,,
ISL-0397,Islamabad,Gulberg Residencia - Block J,House,Sale,7,7,4500,4500.0,115000000,11.50 crore,Private / Unknown,False,"J Block Gulberg Residencia Kanal Brand New Luxury And Designer House Available For Sale Prime Price With Prime Location in Gulberg Residencia - Block J, Gulberg Residencia · 7 bed · 7 bath · 1 Kanal",https://www.zameen.com/Property/gulberg_residencia_gulberg_residencia_-_block_j_j_block_gulberg_residencia_kanal_brand_new_luxury_and_designer_house_available_for_sale_prime_price_with_prime_location-54779913-9120-1.html,brand_new,
ISL-0398,Islamabad,DHA Defence Phase 2,House,Sale,4,5,1125,1125.0,49000000,4.90 crore,DHA,False,"5 Marla Brand New Double Unit House For Sale In DHA Phase 2 Islamabad in DHA Defence Phase 2, DHA Defence · 4 bed · 5 bath · 5 Marla",https://www.zameen.com/Property/dha_defence_dha_defence_phase_2_5_marla_brand_new_double_unit_house_for_sale_in_dha_phase_2_islamabad-54606427-339-1.html,brand_new,
ISL-0399,Islamabad,DHA Defence Phase 1,House,Sale,5,6,4500,4500.0,86000000,8.60 crore,DHA,False,"1 Kanal Beautiful House For Sale In DHA Phase 1 in DHA Defence Phase 1, DHA Defence · 5 bed · 6 bath · 1 Kanal",https://www.zameen.com/Property/dha_defence_dha_defence_phase_1_1_kanal_beautiful_house_for_sale_in_dha_phase_1-54748784-376-1.html,,
ISL-0400,Islamabad,D-12/1,House,Sale,6,6,2250,2250.0,115000000,11.50 crore,Private / Unknown,False,"10 Marla House Ideally Situated In D-12/1 in D-12/1, D-12 · 6 bed · 6 bath · 10 Marla",https://www.zameen.com/Property/d_12_d-12_1_10_marla_house_ideally_situated_in_d-12_1-54562062-3154-1.html,,
ISL-0401,Islamabad,D-12,House,Sale,3,4,900,900.0,51000000,5.10 crore,Private / Unknown,False,"4 Marla Designer House Available For Sale in D-12, Islamabad · 3 bed · 4 bath · 4 Marla",https://www.zameen.com/Property/islamabad_d-12_4_marla_designer_house_available_for_sale-54558898-160-1.html,,
ISL-0402,Islamabad,F-11,Flat,Sale,2,4,2700,2700.0,39000000,3.90 crore,DHA,False,"Abu Dhabi Tower, F-11, Islamabad Exclusive Investor Rate Extra Spiciues Apartment For Sale! in F-11, Islamabad · 2 bed · 4 bath · 12 Marla",https://www.zameen.com/Property/islamabad_f-11_abu_dhabi_tower_f-11_islamabad_exclusive_investor_rate_extra_spiciues_apartment_for_sale-54783578-163-1.html,,
ISL-0403,Islamabad,Bani Gala,House,Sale,5,6,5850,5850.0,77500000,7.75 crore,Private / Unknown,False,"26 Marla Cornor house in Bani Gala, Islamabad · 5 bed · 6 bath · 1.3 Kanal",https://www.zameen.com/Property/islamabad_bani_gala_26_marla_cornor_house-54678733-340-1.html,,
ISL-0404,Islamabad,Bani Gala,House,Sale,4,6,1440,1440.0,22500000,2.25 crore,Private / Unknown,False,"6.4 Marla brand new double story house in Bani Gala, Islamabad · 4 bed · 6 bath · 6.4 Marla",https://www.zameen.com/Property/islamabad_bani_gala_6_4_marla_brand_new_double_story_house-54740279-340-1.html,brand_new,
ISL-0405,Islamabad,Gulberg Greens - Block C,Farm House,Sale,10,6,22500,22500.0,300000000,30.00 crore,Private / Unknown,False,"5 Kanal Farm House For Sale In Beautiful Gulberg Greens - Block C in Gulberg Greens - Block C, Gulberg Greens · 10 bed · 6 bath · 5 Kanal",https://www.zameen.com/Property/gulberg_greens_gulberg_greens_-_block_c_5_kanal_farm_house_for_sale_in_beautiful_gulberg_greens_-_block_c-51197734-8315-1.html,,
ISL-0406,Islamabad,Gulberg Arena Mall,Flat,Sale,1,1,720,720.0,10500000,1.05 crore,Private / Unknown,False,"Gulberg Areena One Bed Apartment Available For Sale More Options Available In Different Sizes Different Floors in Gulberg Arena Mall, Gulberg Greens · 1 bed · 1 bath · 3.2 Marla",https://www.zameen.com/Property/gulberg_greens_gulberg_arena_mall_gulberg_areena_one_bed_apartment_available_for_sale_more_options_available_in_different_sizes_different_floors-53117942-19297-1.html,,
ISL-0407,Islamabad,G-13,House,Sale,6,6,3150,3150.0,120000000,12.00 crore,Private / Unknown,False,"G-13 40x80 Brand new Double story House available for sale in G-13, Islamabad · 6 bed · 6 bath · 14 Marla",https://www.zameen.com/Property/islamabad_g-13_g-13_40x80_brand_new_double_story_house_available_for_sale-54783684-330-1.html,brand_new,
ISL-0408,Islamabad,Gulberg Greens - Block A,Farm House,Sale,7,6,27000,27000.0,450000000,45.00 crore,Private / Unknown,False,"Gulberg Greens Block A Luxury Furnished Farm House Available For Sale in Gulberg Greens - Block A, Gulberg Greens · 7 bed · 6 bath · 6 Kanal",https://www.zameen.com/Property/gulberg_greens_gulberg_greens_-_block_a_gulberg_greens_block_a_luxury_furnished_farm_house_available_for_sale-54372418-8313-1.html,furnished,
ISL-0409,Islamabad,Roman Grove,Flat,Sale,2,2,1395,1395.0,21000000,2.10 crore,DHA,False,"2 Beds Apartment For Sale In  Roman Grove DHA 1 Sector F Islamabad in Roman Grove, DHA Phase 1 - Sector F · 2 bed · 2 bath · 6.2 Marla",https://www.zameen.com/Property/dha_phase_1_sector_f_roman_grove_2_beds_apartment_for_sale_in_roman_grove_dha_1_sector_f_islamabad-54041560-17009-1.html,,
ISL-0410,Islamabad,Gulberg Residencia - Block J,House,Sale,8,6,4500,4500.0,112500000,11.25 crore,Private / Unknown,False,"Kanal House Available For Sale Gulberg Greens Block J in Gulberg Residencia - Block J, Gulberg Residencia · 8 bed · 6 bath · 1 Kanal",https://www.zameen.com/Property/gulberg_residencia_gulberg_residencia_-_block_j_kanal_house_available_for_sale_gulberg_greens_block_j-54768273-9120-1.html,,
ISL-0411,Islamabad,G-14/4,Flat,Sale,4,5,900,900.0,36000000,3.60 crore,Private / Unknown,False,"Beautiful 4 Marla House for Sale in G-14/4 Islamabad Equipped with Solar System, Premium Tiles Flooring & All Basic Amenities in a Prime Residential Location in G-14/4, G-14 · 4 bed · 5 bath · 4 Marla",https://www.zameen.com/Property/g_14_g-14_4_beautiful_4_marla_house_for_sale_in_g-14_4_islamabad_equipped_with_solar_system_premium_tiles_flooring_all_basic_amenities_in_a_prime_residential_location-54775175-3346-1.html,solar,
ISL-0412,Islamabad,DHA Defence Phase 2,House,Sale,5,6,4500,4500.0,148000000,14.80 crore,DHA,False,"DHA Phase 2 Islamabad On Kanal Luxury House in DHA Defence Phase 2, DHA Defence · 5 bed · 6 bath · 1 Kanal",https://www.zameen.com/Property/dha_defence_dha_defence_phase_2_dha_phase_2_islamabad_on_kanal_luxury_house-53938876-339-1.html,,
ISL-0413,Islamabad,G-8,House,Sale,4,4,1350,1350.0,53000000,5.30 crore,Private / Unknown,False,"6 Marla Old House Available For Sale in G-8, Islamabad · 4 bed · 4 bath · 6 Marla",https://www.zameen.com/Property/islamabad_g-8_6_marla_old_house_available_for_sale-54779252-170-1.html,,
ISL-0414,Islamabad,DHA Phase 2 - Sector B,House,Sale,5,5,4500,4500.0,155000000,15.50 crore,DHA,False,"1 Kanal Fully Designer House Available For Sale In DHA Phase 2, ISB in DHA Phase 2 - Sector B, DHA Defence Phase 2 · 5 bed · 5 bath · 1 Kanal",https://www.zameen.com/Property/dha_defence_phase_2_dha_phase_2_-_sector_b_1_kanal_fully_designer_house_available_for_sale_in_dha_phase_2_isb-54742587-3197-1.html,,
ISL-0415,Islamabad,Emaar Canyon Views - Alma 1 Block,Flat,Sale,5,3,2475,2475.0,46500000,4.65 crore,DHA,False,"DHA EMAAR ISLAMABAD 11 MARLA BACK-OPEN VILLA in Emaar Canyon Views - Alma 1 Block, Emaar Canyon Views · 5 bed · 3 bath · 11 Marla",https://www.zameen.com/Property/emaar_canyon_views_emaar_canyon_views_-_alma_1_block_dha_emaar_islamabad_11_marla_back-open_villa-54747678-16773-1.html,,
ISL-0416,Islamabad,MPCHS - Block E,House,Sale,10,6,4500,4500.0,140000000,14.00 crore,Private / Unknown,False,"In MPCHS - Block E House For Sale Sized 4500 Square Feet in MPCHS - Block E, MPCHS - Multi Gardens · 10 bed · 6 bath · 1 Kanal",https://www.zameen.com/Property/mpchs_multi_gardens_mpchs_-_block_e_in_mpchs_-_block_e_house_for_sale_sized_4500_square_feet-54433453-3120-1.html,,
ISL-0417,Islamabad,G-13/3,House,Sale,7,6,3150,3150.0,107500000,10.75 crore,Private / Unknown,False,"14 Marla (40x80) Sun Face 50ft St House For Sale G-13/3 Islamabad in G-13/3, G-13 · 7 bed · 6 bath · 14 Marla",https://www.zameen.com/Property/g_13_g-13_3_14_marla_40x80_sun_face_50ft_st_house_for_sale_g-13_3_islamabad-54341542-3339-1.html,,
ISL-0418,Islamabad,Naval Farms Housing Scheme,Farm House,Sale,5,,22500,22500.0,120000000,12.00 crore,Private / Unknown,False,"05 Kanal Farm House For Sale in Naval Farms Housing Scheme, Islamabad · 5 bed · 5 Kanal",https://www.zameen.com/Property/islamabad_naval_farms_housing_scheme_05_kanal_farm_house_for_sale-54675080-1724-1.html,,bathrooms_missing
ISL-0419,Islamabad,Warda Hamna Residencia 3,Flat,Sale,3,3,1957,1957.5,55000000,5.50 crore,Private / Unknown,False,"Warda Hamna Fully Furnished Duplex 3Bed Front Facing Apartment Available For Sale in Warda Hamna Residencia 3, G-11/3 · 3 bed · 3 bath · 8.7 Marla",https://www.zameen.com/Property/g_11_3_warda_hamna_residencia_3_warda_hamna_fully_furnished_duplex_3bed_front_facing_apartment_available_for_sale-53143599-11863-1.html,furnished,
ISL-0420,Islamabad,I-8,House,Sale,6,6,3150,3150.0,200000000,20.00 crore,Private / Unknown,False,"14 Marla LUXURY HOUSE FOR SALE IN ISLAMABAD in I-8, Islamabad · 6 bed · 6 bath · 14 Marla",https://www.zameen.com/Property/islamabad_i-8_14_marla_luxury_house_for_sale_in_islamabad-54777874-174-1.html,,
ISL-0421,Islamabad,Bahria Enclave,Plot,Sale,5,6,2250,2250.0,28500000,2.85 crore,Bahria Town,False,"Title Prime 10 Marla Grey Structure House With Extra Land For Sale Sector G, Bahria Enclave Islamabad in Bahria Enclave, Bahria Town · 5 bed · 6 bath · 10 Marla",https://www.zameen.com/Property/bahria_town_bahria_enclave_title_prime_10_marla_grey_structure_house_with_extra_land_for_sale_sector_g_bahria_enclave_islamabad-54646697-1705-1.html,,plot_with_bedrooms
ISL-0422,Islamabad,DHA Defence Phase 2,Flat,Sale,2,2,1642,1642.5,34400000,3.44 crore,DHA,False,"Most Demanding 2-Bedroom Luxury Apartments In DHA Phase 2 Islamabad in DHA Defence Phase 2, DHA Defence · 2 bed · 2 bath · 7.3 Marla",https://www.zameen.com/Property/dha_defence_dha_defence_phase_2_most_demanding_2-bedroom_luxury_apartments_in_dha_phase_2_islamabad-53984542-339-1.html,,
ISL-0423,Islamabad,Bani Gala,House,Sale,6,6,6750,6750.0,85000000,8.50 crore,Private / Unknown,False,"30 Marla House - Prime Location in Bani Gala, Islamabad · 6 bed · 6 bath · 1.5 Kanal",https://www.zameen.com/Property/islamabad_bani_gala_30_marla_house_-_prime_location-54686489-340-1.html,,
ISL-0424,Islamabad,Bani Gala,House,Sale,5,6,2025,2025.0,41000000,4.10 crore,Private / Unknown,False,"9 Marla Brand New House With Royal Spanish Elevation in Bani Gala, Islamabad · 5 bed · 6 bath · 9 Marla",https://www.zameen.com/Property/islamabad_bani_gala_9_marla_brand_new_house_with_royal_spanish_elevation-54739174-340-1.html,brand_new,
ISL-0425,Islamabad,DHA Defence Phase 2,House,Sale,5,6,4500,4500.0,92500000,9.25 crore,DHA,False,"1 Kanal Brand New House On Investor Price Ready For Sale In DHA DEFENCE PHASE 5 Islamabad in DHA Defence Phase 2, DHA Defence · 5 bed · 6 bath · 1 Kanal",https://www.zameen.com/Property/dha_defence_dha_defence_phase_2_1_kanal_brand_new_house_on_investor_price_ready_for_sale_in_dha_defence_phase_5_islamabad-54250835-339-1.html,brand_new,
ISL-0426,Islamabad,DHA Defence Phase 2,House,Sale,5,6,4500,4500.0,109000000,10.90 crore,DHA,False,"Brand New 1 Kanal Elegant Designer House Ready For Sale In DHA DEFENCE PHASE 2 Islamabad in DHA Defence Phase 2, DHA Defence · 5 bed · 6 bath · 1 Kanal",https://www.zameen.com/Property/dha_defence_dha_defence_phase_2_brand_new_1_kanal_elegant_designer_house_ready_for_sale_in_dha_defence_phase_2_islamabad-54288137-339-1.html,brand_new,
ISL-0427,Islamabad,DHA Defence Phase 2,House,Sale,4,5,1125,1350.0,43000000,4.30 crore,DHA,False,"DHA Phase 2 6 Marla 3 Storey House For Sale in DHA Defence Phase 2, DHA Defence · 4 bed · 5 bath · 5 Marla",https://www.zameen.com/Property/dha_defence_dha_defence_phase_2_dha_phase_2_6_marla_3_storey_house_for_sale-54002167-339-1.html,,size_conflict
ISL-0428,Islamabad,Gulberg Residencia - Block I,House,Sale,4,6,1575,1575.0,46000000,4.60 crore,Private / Unknown,False,"Gulberg Residencia Block I 7 Marla Houses Available For Sale in Gulberg Residencia - Block I, Gulberg Residencia · 4 bed · 6 bath · 7 Marla",https://www.zameen.com/Property/gulberg_residencia_gulberg_residencia_-_block_i_gulberg_residencia_block_i_7_marla_houses_available_for_sale-54768311-9119-1.html,,
ISL-0429,Islamabad,Gulberg Heights,Studio,Sale,,1,562,562.5,7000000,70.00 lac,Private / Unknown,False,"Gulberg Heights Studio Apparment Available For Sale More Options Available In Different Projects in Gulberg Heights, Gulberg Greens · 1 bath · 2.5 Marla",https://www.zameen.com/Property/gulberg_greens_gulberg_heights_gulberg_heights_studio_apparment_available_for_sale_more_options_available_in_different_projects-54640829-19298-1.html,,bedrooms_missing
ISL-0430,Islamabad,D-12,House,Sale,3,4,1125,1125.0,65000000,6.50 crore,Private / Unknown,False,"Beautifull Designer 5 Marla'S House For Sale in D-12, Islamabad · 3 bed · 4 bath · 5 Marla",https://www.zameen.com/Property/islamabad_d-12_beautifull_designer_5_marla_s_house_for_sale-54655197-160-1.html,,
ISL-0431,Islamabad,Prism Heights Gulberg,Flat,Sale,1,2,742,742.5,11000000,1.10 crore,Private / Unknown,False,"Gulberg Heights non Furnished One Bed Options Available in Prism Heights Gulberg, Gulberg Greens · 1 bed · 2 bath · 3.3 Marla",https://www.zameen.com/Property/gulberg_greens_prism_heights_gulberg_gulberg_heights_non_furnished_one_bed_options_available-54501626-15033-1.html,furnished,
RAW-0432,Rawalpindi,Bahria Town Phase 8 - Block E,House,Sale,5,6,2250,2250.0,41000000,4.10 crore,Bahria Town,False,"10 Marla Designer House For Sale On 80 FT Road in Bahria Town Phase 8 - Block E, Bahria Town Phase 8 · 5 bed · 6 bath · 10 Marla",https://www.zameen.com/Property/bahria_town_phase_8_bahria_town_phase_8_-_block_e_10_marla_designer_house_for_sale_on_80_ft_road-54253207-3053-1.html,,
RAW-0433,Rawalpindi,Peshawar Road,House,Sale,8,6,2250,2250.0,45000000,4.50 crore,Private / Unknown,False,"10 Marla House for Sale in Seham, Bahadur Khan Road, Rawalpindi in Peshawar Road, Rawalpindi · 8 bed · 6 bath · 10 Marla",https://www.zameen.com/Property/rawalpindi_peshawar_road_10_marla_house_for_sale_in_seham_bahadur_khan_road_rawalpindi-54780515-517-1.html,,
RAW-0434,Rawalpindi,Bahria Town Phase 8 - Block B,House,Sale,5,6,2250,2250.0,44500000,4.45 crore,Bahria Town,False,"Very Low Price | Registry Available | 10 Marla Brand New House For Sale Bahria Town Ph 8 Block B RWP in Bahria Town Phase 8 - Block B, Bahria Town Phase 8 · 5 bed · 6 bath · 10 Marla",https://www.zameen.com/Property/bahria_town_phase_8_bahria_town_phase_8_-_block_b_very_low_price_registry_available_10_marla_brand_new_house_for_sale_bahria_town_ph_8_block_b_rwp-54712013-3050-1.html,brand_new,
RAW-0435,Rawalpindi,Bahria Town Phase 8 - Usman Block,House,Sale,4,5,1575,1575.0,27300000,2.73 crore,Bahria Town,False,"Registry Available 7 Marla Owner Built Slightly Used House For Sale Bahria Town Ph 8 Usman Block in Bahria Town Phase 8 - Usman Block, Bahria Town Phase 8 - Safari Valley · 4 bed · 5 bath · 7 Marla",https://www.zameen.com/Property/bahria_town_phase_8_safari_valley_bahria_town_phase_8_-_usman_block_registry_available_7_marla_owner_built_slightly_used_house_for_sale_bahria_town_ph_8_usman_block-54685085-3068-1.html,,
RAW-0436,Rawalpindi,Bahria Town Phase 8 - Block A,House,Sale,5,6,9000,9000.0,165000000,16.50 crore,Bahria Town,False,"Luxurious Corner House With Two-Side Elevation in Bahria Town Phase 8 - Block A, Bahria Town Phase 8 · 5 bed · 6 bath · 2 Kanal",https://www.zameen.com/Property/bahria_town_phase_8_bahria_town_phase_8_-_block_a_luxurious_corner_house_with_two-side_elevation-51914137-3049-1.html,corner,
RAW-0437,Rawalpindi,Bahria Town Phase 8,House,Sale,5,6,2250,2250.0,37500000,3.75 crore,Bahria Town,False,"10 Marla Completely Furnished House at very Prime Location of Prime Sector in Bahria Town Phase 8, Bahria Town Rawalpindi · 5 bed · 6 bath · 10 Marla",https://www.zameen.com/Property/bahria_town_rawalpindi_bahria_town_phase_8_10_marla_completely_furnished_house_at_very_prime_location_of_prime_sector-54711348-3048-1.html,furnished,
RAW-0438,Rawalpindi,Bahria Town Phase 2,House,Sale,5,6,4500,4500.0,105000000,10.50 crore,Bahria Town,False,"Stunning Luxury 1 Kanal House For Sale | Bahria Town Phase 2 in Bahria Town Phase 2, Bahria Town Rawalpindi · 5 bed · 6 bath · 1 Kanal",https://www.zameen.com/Property/bahria_town_rawalpindi_bahria_town_phase_2_stunning_luxury_1_kanal_house_for_sale_bahria_town_phase_2-54739694-3035-1.html,,
RAW-0439,Rawalpindi,Bahria Town Phase 4,House,Sale,5,6,2250,2250.0,62500000,6.25 crore,Bahria Town,False,"Main Double Road House 10 Marla For sale In Bahria Town Phase 4 in Bahria Town Phase 4, Bahria Town Rawalpindi · 5 bed · 6 bath · 10 Marla",https://www.zameen.com/Property/bahria_town_rawalpindi_bahria_town_phase_4_main_double_road_house_10_marla_for_sale_in_bahria_town_phase_4-54466021-3041-1.html,,
RAW-0440,Rawalpindi,Bahria Town Phase 8,House,Sale,5,6,2250,2250.0,49500000,4.95 crore,Bahria Town,False,"10 Marla Designer Double Unit House For Sale in Bahria Town Phase 8, Bahria Town Rawalpindi · 5 bed · 6 bath · 10 Marla",https://www.zameen.com/Property/bahria_town_rawalpindi_bahria_town_phase_8_10_marla_designer_double_unit_house_for_sale-54767192-3048-1.html,,
RAW-0441,Rawalpindi,Bahria Town Phase 8 - Awami Villas 5,Flat,Sale,2,1,787,787.5,5700000,57.00 lac,Bahria Town,False,"2 Bed apartment awami villa 5 in Bahria Town Phase 8 - Awami Villas 5, Bahria Town Phase 8 · 2 bed · 1 bath · 3.5 Marla",https://www.zameen.com/Property/bahria_town_phase_8_bahria_town_phase_8_-_awami_villas_5_2_bed_apartment_awami_villa_5-54777317-8330-1.html,,
RAW-0442,Rawalpindi,Bahria Spring North,Commercial,Sale,1,1,607,607.5,7500000,75.00 lac,Bahria Town,False,"1 Room Office Apartment Park Face & Back Open TMUC University in Bahria Spring North, Bahria Town Phase 7 · 1 bed · 1 bath · 2.7 Marla",https://www.zameen.com/Property/bahria_town_phase_7_bahria_spring_north_1_room_office_apartment_park_face_back_open_tmuc_university-51959600-8322-1.html,park,
RAW-0443,Rawalpindi,Bahria Town Phase 8 - Abu Bakar Block,House,Sale,5,6,1575,1575.0,28000000,2.80 crore,Bahria Town,False,"7 Marla Slightly Used House Solar Install For Sale in Bahria Town Phase 8 - Abu Bakar Block, Bahria Town Phase 8 - Safari Valley · 5 bed · 6 bath · 7 Marla",https://www.zameen.com/Property/bahria_town_phase_8_safari_valley_bahria_town_phase_8_-_abu_bakar_block_7_marla_slightly_used_house_solar_install_for_sale-54764176-3069-1.html,solar,
RAW-0444,Rawalpindi,Bahria Town Phase 8 - Sector F-1,Other,Sale,5,6,2250,2250.0,25000000,2.50 crore,Bahria Town,False,"10 Marla Owner Built St Park Facing Complete Grey Structure in Bahria Town Phase 8 - Sector F-1, Bahria Town Phase 8 · 5 bed · 6 bath · 10 Marla",https://www.zameen.com/Property/bahria_town_phase_8_bahria_town_phase_8_-_sector_f-1_10_marla_owner_built_st_park_facing_complete_grey_structure-54655532-3095-1.html,park,
RAW-0445,Rawalpindi,Bahria Town Phase 8 - Rafi Block,House,Sale,3,4,1125,1125.0,24000000,2.40 crore,Bahria Town,False,"On Excellent Location Bahria Town Phase 8 - Rafi Block House Sized 5 Marla in Bahria Town Phase 8 - Rafi Block, Bahria Town Phase 8 · 3 bed · 4 bath · 5 Marla",https://www.zameen.com/Property/bahria_town_phase_8_bahria_town_phase_8_-_rafi_block_on_excellent_location_bahria_town_phase_8_-_rafi_block_house_sized_5_marla-54588939-3071-1.html,,
RAW-0446,Rawalpindi,Bahria Town Phase 8 - Rafi Block,House,Sale,1,2,1125,1125.0,15000000,1.50 crore,Bahria Town,False,"5 Marla Single Storey Low Budget Park Facing House For Sale in Rafi Block Phase 8 Bahria Town Rawalpindi in Bahria Town Phase 8 - Rafi Block, Bahria Town Phase 8 · 1 bed · 2 bath · 5 Marla",https://www.zameen.com/Property/bahria_town_phase_8_bahria_town_phase_8_-_rafi_block_5_marla_single_storey_low_budget_park_facing_house_for_sale_in_rafi_block_phase_8_bahria_town_rawalpindi-54654004-3071-1.html,park,
RAW-0447,Rawalpindi,Bahria Heights,Flat,Sale,2,3,1260,1260.0,19000000,1.90 crore,Bahria Town,False,"2 Bed Fully Furnished Corner Apartment For Sale In Bahria Heights 7 in Bahria Heights, Bahria Town Rawalpindi · 2 bed · 3 bath · 5.6 Marla",https://www.zameen.com/Property/bahria_town_rawalpindi_bahria_heights_2_bed_fully_furnished_corner_apartment_for_sale_in_bahria_heights_7-54187683-8506-1.html,furnished|corner,
RAW-0448,Rawalpindi,Adiala Road,House,Sale,2,3,900,900.0,8800000,88.00 lac,Private / Unknown,False,"4 Marla Brand New House For Sale Sammar Zar Housing Society Adyala Road Rawalpindi in Adiala Road, Rawalpindi · 2 bed · 3 bath · 4 Marla",https://www.zameen.com/Property/rawalpindi_adiala_road_4_marla_brand_new_house_for_sale_sammar_zar_housing_society_adyala_road_rawalpindi-52778410-478-1.html,brand_new,
RAW-0449,Rawalpindi,Lalkurti,House,Sale,,,2250,2250.0,60000000,6.00 crore,Private / Unknown,False,"10 Marla House In Stunning Lalkurti Is Available For Sale in Lalkurti, Rawalpindi · 10 Marla",https://www.zameen.com/Property/rawalpindi_lalkurti_10_marla_house_in_stunning_lalkurti_is_available_for_sale-54510022-720-1.html,,bedrooms_missing|bathrooms_missing
RAW-0450,Rawalpindi,Satellite Town - Block F,House,Sale,6,7,3600,3600.0,145000000,14.50 crore,Private / Unknown,False,"16 MARLA HOUSE FOR SALE (Triple Story Investor Rate) in Satellite Town - Block F, Satellite Town · 6 bed · 7 bath · 16 Marla",https://www.zameen.com/Property/satellite_town_satellite_town_-_block_f_16_marla_house_for_sale_triple_story_investor_rate-54119724-10240-1.html,,
RAW-0451,Rawalpindi,Adiala Road,House,Sale,,,450,450.0,6200000,62.00 lac,Private / Unknown,False,"Brand New House For Sale Summe R Zar Housing Society Adyala Road Rawalpindi in Adiala Road, Rawalpindi · 2 Marla",https://www.zameen.com/Property/rawalpindi_adiala_road_brand_new_house_for_sale_summe_r_zar_housing_society_adyala_road_rawalpindi-53686067-478-1.html,brand_new,bedrooms_missing|bathrooms_missing
RAW-0452,Rawalpindi,Adiala Road,House,Sale,2,3,1125,1125.0,9500000,95.00 lac,Private / Unknown,False,"5 Marla Brand New House For Sale Samarzar Colony Adyala Road Rawalpindi in Adiala Road, Rawalpindi · 2 bed · 3 bath · 5 Marla",https://www.zameen.com/Property/rawalpindi_adiala_road_5_marla_brand_new_house_for_sale_samarzar_colony_adyala_road_rawalpindi-54115892-478-1.html,brand_new,
RAW-0453,Rawalpindi,Adiala Road,House,Sale,2,2,900,900.0,7200000,72.00 lac,Private / Unknown,False,"4 Marla brand new house for sale in Sammar Zar adyala Road Rawalpindi in Adiala Road, Rawalpindi · 2 bed · 2 bath · 4 Marla",https://www.zameen.com/Property/rawalpindi_adiala_road_4_marla_brand_new_house_for_sale_in_sammar_zar_adyala_road_rawalpindi-54232002-478-1.html,brand_new,
RAW-0454,Rawalpindi,Adiala Road,House,Sale,,,810,832.5,7500000,75.00 lac,Private / Unknown,False,"3.7 Marla Brand New House For Sale Samarzar Colony Adyala Road Rawalpindi in Adiala Road, Rawalpindi · 3.6 Marla",https://www.zameen.com/Property/rawalpindi_adiala_road_3_7_marla_brand_new_house_for_sale_samarzar_colony_adyala_road_rawalpindi-54244717-478-1.html,brand_new,bedrooms_missing|bathrooms_missing|size_conflict
RAW-0455,Rawalpindi,Airport Housing Society,House,Sale,4,4,1125,1125.0,18500000,1.85 crore,Private / Unknown,False,"5 Marla house for sale in airport housing society Rawalpindi in Airport Housing Society, Rawalpindi · 4 bed · 4 bath · 5 Marla",https://www.zameen.com/Property/rawalpindi_airport_housing_society_5_marla_house_for_sale_in_airport_housing_society_rawalpindi-54783688-426-1.html,,
RAW-0456,Rawalpindi,River Loft,Flat,Sale,2,2,1800,1800.0,24000000,2.40 crore,Bahria Town,False,"2 Bedrooms Apartment With Servant Quarter For Sale In River Loft Bahria Town Phase 7 Rawalpindi/Islamabad in River Loft, Bahria Town Rawalpindi · 2 bed · 2 bath · 8 Marla",https://www.zameen.com/Property/bahria_town_rawalpindi_river_loft_2_bedrooms_apartment_with_servant_quarter_for_sale_in_river_loft_bahria_town_phase_7_rawalpindi_islamabad-53388327-16870-1.html,servant_quarter,
RAW-0457,Rawalpindi,Bahria Greens - Overseas Enclave - Sector 5,Other,Sale,5,5,2250,2250.0,57500000,5.75 crore,Private / Unknown,False,"10 Marla Double Unit Overseas 5 Double-Heighted TV Lounge in Bahria Greens - Overseas Enclave - Sector 5, Bahria Greens - Overseas Enclave · 5 bed · 5 bath · 10 Marla",https://www.zameen.com/Property/bahria_greens_overseas_enclave_bahria_greens_-_overseas_enclave_-_sector_5_10_marla_double_unit_overseas_5_double-heighted_tv_lounge-52456241-8304-1.html,,
RAW-0458,Rawalpindi,Bahria Greens - Overseas Enclave - Sector 5,House,Sale,5,6,2250,2250.0,57500000,5.75 crore,Bahria Town,False,"10 Marla Double Unit Designer House Overseas 5, Street 11 Bahria Town Rawalpindi in Bahria Greens - Overseas Enclave - Sector 5, Bahria Greens - Overseas Enclave · 5 bed · 6 bath · 10 Marla",https://www.zameen.com/Property/bahria_greens_overseas_enclave_bahria_greens_-_overseas_enclave_-_sector_5_10_marla_double_unit_designer_house_overseas_5_street_11_bahria_town_rawalpindi-54175276-8304-1.html,,
RAW-0459,Rawalpindi,Bahria Greens - Overseas Enclave - Sector 5,House,Sale,5,6,4500,4500.0,125000000,12.50 crore,Private / Unknown,False,"Luxury Designer House with Home Theatre & 15 kVA Solar in Bahria Greens - Overseas Enclave - Sector 5, Bahria Greens - Overseas Enclave · 5 bed · 6 bath · 1 Kanal",https://www.zameen.com/Property/bahria_greens_overseas_enclave_bahria_greens_-_overseas_enclave_-_sector_5_luxury_designer_house_with_home_theatre_15_kva_solar-54463554-8304-1.html,solar|home_theatre,
RAW-0460,Rawalpindi,Bahria Town Phase 7,House,Sale,5,6,2250,2250.0,53000000,5.30 crore,Bahria Town,False,"10 Marla Designer House Phase 7 in Bahria Town Phase 7, Bahria Town Rawalpindi · 5 bed · 6 bath · 10 Marla",https://www.zameen.com/Property/bahria_town_rawalpindi_bahria_town_phase_7_10_marla_designer_house_phase_7-54608708-3047-1.html,,
RAW-0461,Rawalpindi,Bahria Town Phase 8,House,Sale,6,7,4500,4500.0,86500000,8.65 crore,Bahria Town,False,"Amazing 1 Kanal House With Excellent Finish in Bahria Town Phase 8, Bahria Town Rawalpindi · 6 bed · 7 bath · 1 Kanal",https://www.zameen.com/Property/bahria_town_rawalpindi_bahria_town_phase_8_amazing_1_kanal_house_with_excellent_finish-51967005-3048-1.html,,
RAW-0462,Rawalpindi,Bahria Town Phase 8,House,Sale,5,6,1575,1575.0,32000000,3.20 crore,Bahria Town,False,"7 Marla Beautiful House For Sale In Bahria Town Phase 8, Rawalpindi Prime Location in Bahria Town Phase 8, Bahria Town Rawalpindi · 5 bed · 6 bath · 7 Marla",https://www.zameen.com/Property/bahria_town_rawalpindi_bahria_town_phase_8_7_marla_beautiful_house_for_sale_in_bahria_town_phase_8_rawalpindi_prime_location-54769472-3048-1.html,,
RAW-0463,Rawalpindi,Bahria Town Phase 8,House,Sale,3,4,1125,1125.0,23000000,2.30 crore,Bahria Town,False,"5 Marla House For Sale In Bahria Town Phase 8, Rawalpindi in Bahria Town Phase 8, Bahria Town Rawalpindi · 3 bed · 4 bath · 5 Marla",https://www.zameen.com/Property/bahria_town_rawalpindi_bahria_town_phase_8_5_marla_house_for_sale_in_bahria_town_phase_8_rawalpindi-54768121-3048-1.html,,
RAW-0464,Rawalpindi,Bahria Town Phase 8,House,Sale,5,6,2250,2250.0,59600000,5.96 crore,Bahria Town,False,"10 Marla House for Sale | 5 Beds | 6 Baths | Bahria Town Phase 8, Rawalpindi in Bahria Town Phase 8, Bahria Town Rawalpindi · 5 bed · 6 bath · 10 Marla",https://www.zameen.com/Property/bahria_town_rawalpindi_bahria_town_phase_8_10_marla_house_for_sale_5_beds_6_baths_bahria_town_phase_8_rawalpindi-54778371-3048-1.html,,
RAW-0465,Rawalpindi,Bahria Town Phase 8 - Block M,House,Sale,3,4,1125,1125.0,26300000,2.63 crore,Bahria Town,False,"Affordable Prime Location House Available For sale In Bahria Town Phase 8 - Block M in Bahria Town Phase 8 - Block M, Bahria Town Phase 8 · 3 bed · 4 bath · 5 Marla",https://www.zameen.com/Property/bahria_town_phase_8_bahria_town_phase_8_-_block_m_affordable_prime_location_house_available_for_sale_in_bahria_town_phase_8_-_block_m-54756384-3062-1.html,,
RAW-0466,Rawalpindi,Bahria Town Phase 8 - Block M,House,Sale,3,4,1125,1125.0,26500000,2.65 crore,Bahria Town,False,"Back of Main 5 Marla House For sale In Bahria Town Rawalpindi in Bahria Town Phase 8 - Block M, Bahria Town Phase 8 · 3 bed · 4 bath · 5 Marla",https://www.zameen.com/Property/bahria_town_phase_8_bahria_town_phase_8_-_block_m_back_of_main_5_marla_house_for_sale_in_bahria_town_rawalpindi-54756383-3062-1.html,,
RAW-0467,Rawalpindi,Bahria Town Phase 8 - Awais Block,House,Sale,6,7,2025,2137.5,41500000,4.15 crore,Bahria Town,False,"9.5 Marla Brand New Park Facing Designer House For Sale | Bahria Town Phase 8 Rawalpindi in Bahria Town Phase 8 - Awais Block, Bahria Town Phase 8 · 6 bed · 7 bath · 9 Marla",https://www.zameen.com/Property/bahria_town_phase_8_bahria_town_phase_8_-_awais_block_9_5_marla_brand_new_park_facing_designer_house_for_sale_bahria_town_phase_8_rawalpindi-54677138-8254-1.html,park|brand_new,size_conflict
RAW-0468,Rawalpindi,Bahria Greens - Overseas Enclave - Sector 6,House,Sale,5,6,2700,2700.0,44000000,4.40 crore,Bahria Town,False,"Very Low Price | 12 Marla Furnished Boulevard Corner House For Sale Bahria Town Phase 8 RAW in Bahria Greens - Overseas Enclave - Sector 6, Bahria Greens - Overseas Enclave · 5 bed · 6 bath · 12 Marla",https://www.zameen.com/Property/bahria_greens_overseas_enclave_bahria_greens_-_overseas_enclave_-_sector_6_very_low_price_12_marla_furnished_boulevard_corner_house_for_sale_bahria_town_phase_8_raw-54711968-8305-1.html,furnished|corner,
RAW-0469,Rawalpindi,Askari 11,House,Sale,6,5,3420,3420.0,85000000,8.50 crore,Private / Unknown,False,"Beautiful House Solid Construction Tiles , Wood, Steel Work Work 100 % Solid . Vip Location , Contact Owner . in Askari 11, Rawalpindi · 6 bed · 5 bath · 15.2 Marla",https://www.zameen.com/Property/rawalpindi_askari_11_beautiful_house_solid_construction_tiles_wood_steel_work_work_100_solid_vip_location_contact_owner-54578832-443-1.html,,
RAW-0470,Rawalpindi,Airport Housing Society,House,Sale,3,4,1125,1125.0,14000000,1.40 crore,Private / Unknown,False,"1.5 Storey House For Sale in Airport Housing Society, Rawalpindi · 3 bed · 4 bath · 5 Marla",https://www.zameen.com/Property/rawalpindi_airport_housing_society_1_5_storey_house_for_sale-53233697-426-1.html,,
RAW-0471,Rawalpindi,Airport Housing Society,House,Sale,7,6,2250,2250.0,45000000,4.50 crore,Private / Unknown,False,"Bungalow For Sale in Airport Housing Society, Rawalpindi · 7 bed · 6 bath · 10 Marla",https://www.zameen.com/Property/rawalpindi_airport_housing_society_bungalow_for_sale-53226034-426-1.html,,
RAW-0472,Rawalpindi,Caltex Road,House,Sale,3,4,1125,1125.0,17500000,1.75 crore,Private / Unknown,False,"5 Marla 1.5 story House For sale in Caltex Road, Rawalpindi · 3 bed · 4 bath · 5 Marla",https://www.zameen.com/Property/rawalpindi_caltex_road_5_marla_1_5_story_house_for_sale-54783390-9457-1.html,,
RAW-0473,Rawalpindi,Adiala Road,House,Sale,3,3,2250,2250.0,15000000,1.50 crore,Private / Unknown,False,"Single Storey 10 Marla House For Sale In Adiala Road Adiala Road in Adiala Road, Rawalpindi · 3 bed · 3 bath · 10 Marla",https://www.zameen.com/Property/rawalpindi_adiala_road_single_storey_10_marla_house_for_sale_in_adiala_road_adiala_road-54782702-478-1.html,,
RAW-0474,Rawalpindi,River Loft,Flat,Sale,1,1,1102,1102.5,16500000,1.65 crore,Bahria Town,False,"One Bed Flat For Sale In River Loft Bahria Town Phase 7 Rawalpindi/Islamabad in River Loft, Bahria Town Rawalpindi · 1 bed · 1 bath · 4.9 Marla",https://www.zameen.com/Property/bahria_town_rawalpindi_river_loft_one_bed_flat_for_sale_in_river_loft_bahria_town_phase_7_rawalpindi_islamabad-53388415-16870-1.html,,
RAW-0475,Rawalpindi,River Hills,Flat,Sale,2,2,1102,1102.5,15000000,1.50 crore,Bahria Town,False,"Two Bedrooms Apartment For Sale River Hills Bahria Town Phase 7 Rawalpindi/Islamabad in River Hills, Bahria Expressway · 2 bed · 2 bath · 4.9 Marla",https://www.zameen.com/Property/bahria_expressway_river_hills_two_bedrooms_apartment_for_sale_river_hills_bahria_town_phase_7_rawalpindi_islamabad-53388453-11347-1.html,,
RAW-0476,Rawalpindi,River Hills,Flat,Sale,2,2,1327,1327.5,16200000,1.62 crore,Bahria Town,False,"2 BHK Furnished Apartment For Sale In River Hills Bahria Town Phase 7 Rawalpindi in River Hills, Bahria Expressway · 2 bed · 2 bath · 5.9 Marla",https://www.zameen.com/Property/bahria_expressway_river_hills_2_bhk_furnished_apartment_for_sale_in_river_hills_bahria_town_phase_7_rawalpindi-54047679-11347-1.html,furnished,
RAW-0477,Rawalpindi,Airport Housing Society,House,Sale,3,4,1125,1125.0,17000000,1.70 crore,Private / Unknown,False,"5 Marla 1.5 story house for sale in airport housing society Rawalpindi in Airport Housing Society, Rawalpindi · 3 bed · 4 bath · 5 Marla",https://www.zameen.com/Property/rawalpindi_airport_housing_society_5_marla_1_5_story_house_for_sale_in_airport_housing_society_rawalpindi-54783674-426-1.html,,
RAW-0478,Rawalpindi,Satellite Town - Block D,House,Sale,4,4,1125,1125.0,49000000,4.90 crore,Private / Unknown,False,"5 Marla Beautiful House | Solid Construction & Prime Location in Satellite Town - Block D, Satellite Town · 4 bed · 4 bath · 5 Marla",https://www.zameen.com/Property/satellite_town_satellite_town_-_block_d_5_marla_beautiful_house_solid_construction_prime_location-54574247-6043-1.html,,
RAW-0479,Rawalpindi,Punjab Government Servant Housing Foundation (PGSHF),House,Sale,3,4,4500,4500.0,45000000,4.50 crore,Private / Unknown,False,"1 kanal House For sale prime location  Near the Main Access in Punjab Government Servant Housing Foundation (PGSHF), Rawalpindi · 3 bed · 4 bath · 1 Kanal",https://www.zameen.com/Property/rawalpindi_punjab_government_servant_housing_foundation_pgshf_1_kanal_house_for_sale_prime_location_near_the_main_access-54783455-10424-1.html,servant_quarter,
RAW-0480,Rawalpindi,Bahria Town Phase 4,House,Sale,5,6,2250,2250.0,49000000,4.90 crore,Bahria Town,False,"10 Marla 2021 Construction Designer House Available For Sale In Bahria Town Phase 4 in Bahria Town Phase 4, Bahria Town Rawalpindi · 5 bed · 6 bath · 10 Marla",https://www.zameen.com/Property/bahria_town_rawalpindi_bahria_town_phase_4_10_marla_2021_construction_designer_house_available_for_sale_in_bahria_town_phase_4-48020320-3041-1.html,,
RAW-0481,Rawalpindi,Bahria Town Phase 4,House,Sale,5,5,2250,2250.0,59500000,5.95 crore,Bahria Town,False,"10 Marla Brand New House Available For Sale In Bahria Town Phase 4 in Bahria Town Phase 4, Bahria Town Rawalpindi · 5 bed · 5 bath · 10 Marla",https://www.zameen.com/Property/bahria_town_rawalpindi_bahria_town_phase_4_10_marla_brand_new_house_available_for_sale_in_bahria_town_phase_4-47832075-3041-1.html,brand_new,
RAW-0482,Rawalpindi,Bahria Town Phase 8 - Block C,House,Sale,5,6,2250,2250.0,45000000,4.50 crore,Bahria Town,False,"Elegant 10 Marla House For Sale In Phase 8 in Bahria Town Phase 8 - Block C, Bahria Town Phase 8 · 5 bed · 6 bath · 10 Marla",https://www.zameen.com/Property/bahria_town_phase_8_bahria_town_phase_8_-_block_c_elegant_10_marla_house_for_sale_in_phase_8-54523290-3051-1.html,,
RAW-0483,Rawalpindi,Bahria Town Phase 8 - Block C,House,Sale,5,6,2250,2250.0,59500000,5.95 crore,Bahria Town,False,"10 Marla Luxury House C Block in Bahria Town Phase 8 - Block C, Bahria Town Phase 8 · 5 bed · 6 bath · 10 Marla",https://www.zameen.com/Property/bahria_town_phase_8_bahria_town_phase_8_-_block_c_10_marla_luxury_house_c_block-54777692-3051-1.html,,
RAW-0484,Rawalpindi,Bahria Town Phase 2,House,Sale,5,6,2250,2250.0,62000000,6.20 crore,Bahria Town,False,"10 Marla Brand New House Available For Sale in Bahria Town Phase 2, Bahria Town Rawalpindi · 5 bed · 6 bath · 10 Marla",https://www.zameen.com/Property/bahria_town_rawalpindi_bahria_town_phase_2_10_marla_brand_new_house_available_for_sale-54485586-3035-1.html,brand_new,
RAW-0485,Rawalpindi,Bahria Town Phase 8 - Sector F-1,House,Sale,5,6,2250,2250.0,49000000,4.90 crore,Bahria Town,False,"Ideal Prime Location House Is Available For Sale In Rawalpindi in Bahria Town Phase 8 - Sector F-1, Bahria Town Phase 8 · 5 bed · 6 bath · 10 Marla",https://www.zameen.com/Property/bahria_town_phase_8_bahria_town_phase_8_-_sector_f-1_ideal_prime_location_house_is_available_for_sale_in_rawalpindi-54741221-3095-1.html,,
RAW-0486,Rawalpindi,Bahria Town Phase 3,House,Sale,6,6,4500,4500.0,68500000,6.85 crore,Bahria Town,False,"Kanal House For Sale In Phase 3 Bahria Town Rawalpindi in Bahria Town Phase 3, Bahria Town Rawalpindi · 6 bed · 6 bath · 1 Kanal",https://www.zameen.com/Property/bahria_town_rawalpindi_bahria_town_phase_3_kanal_house_for_sale_in_phase_3_bahria_town_rawalpindi-54775035-3036-1.html,,
RAW-0487,Rawalpindi,MGC Jewel,Flat,Sale,1,1,562,562.5,16800000,1.68 crore,Bahria Town,False,"Book On Excellent Location Flat Today In MGC Jewel in MGC Jewel, Bahria Town Phase 8 · 1 bed · 1 bath · 2.5 Marla",https://www.zameen.com/Property/bahria_town_phase_8_mgc_jewel_book_on_excellent_location_flat_today_in_mgc_jewel-53626299-18833-1.html,,
RAW-0488,Rawalpindi,Bahria Town Phase 8 - Block M,House,Sale,3,3,1125,1125.0,26000000,2.60 crore,Bahria Town,False,"You Can Find A Gorgeous House For Sale In Bahria Town Phase 8 - Block M in Bahria Town Phase 8 - Block M, Bahria Town Phase 8 · 3 bed · 3 bath · 5 Marla",https://www.zameen.com/Property/bahria_town_phase_8_bahria_town_phase_8_-_block_m_you_can_find_a_gorgeous_house_for_sale_in_bahria_town_phase_8_-_block_m-54660617-3062-1.html,,
RAW-0489,Rawalpindi,Media Town - Block B,House,Sale,6,6,2700,2700.0,68000000,6.80 crore,Private / Unknown,False,"Media Town Rawalpindi 12 Marla House for sale in Media Town - Block B, Media Town · 6 bed · 6 bath · 12 Marla",https://www.zameen.com/Property/media_town_media_town_-_block_b_media_town_rawalpindi_12_marla_house_for_sale-54380988-16391-1.html,,
RAW-0490,Rawalpindi,Bahria Greens - Overseas Enclave - Sector 5,House,Sale,3,4,1237,1237.5,23800000,2.38 crore,Private / Unknown,False,"5.5 Marla House With 3 Marla C Category Lawn in Bahria Greens - Overseas Enclave - Sector 5, Bahria Greens - Overseas Enclave · 3 bed · 4 bath · 5.5 Marla",https://www.zameen.com/Property/bahria_greens_overseas_enclave_bahria_greens_-_overseas_enclave_-_sector_5_5_5_marla_house_with_3_marla_c_category_lawn-54144789-8304-1.html,garden_lawn,
RAW-0491,Rawalpindi,Bahria Town Phase 8 - Block L,House,Sale,9,6,3600,3600.0,46000000,4.60 crore,Bahria Town,False,"9 Bedroom Brand New 16 Marla House in Bahria Town Phase 8 - Block L, Bahria Town Phase 8 · 9 bed · 6 bath · 16 Marla",https://www.zameen.com/Property/bahria_town_phase_8_bahria_town_phase_8_-_block_l_9_bedroom_brand_new_16_marla_house-54182248-3061-1.html,brand_new,
RAW-0492,Rawalpindi,Bahria Greens - Overseas Enclave - Sector 3,House,Sale,4,5,2475,2475.0,46500000,4.65 crore,Private / Unknown,False,"Beautifully Designed 11 Marla House For Sale in Bahria Greens - Overseas Enclave - Sector 3, Bahria Greens - Overseas Enclave · 4 bed · 5 bath · 11 Marla",https://www.zameen.com/Property/bahria_greens_overseas_enclave_bahria_greens_-_overseas_enclave_-_sector_3_beautifully_designed_11_marla_house_for_sale-39549743-8302-1.html,,
RAW-0493,Rawalpindi,Bahria Town Phase 8 - Block A1,House,Sale,5,6,4500,4500.0,87500000,8.75 crore,Bahria Town,False,"1 Kanal Double Unit Designer House in Bahria Town Phase 8 - Block A1, Bahria Town Phase 8 · 5 bed · 6 bath · 1 Kanal",https://www.zameen.com/Property/bahria_town_phase_8_bahria_town_phase_8_-_block_a1_1_kanal_double_unit_designer_house-49864360-12180-1.html,,
RAW-0494,Rawalpindi,Adiala Road,House,Sale,3,3,1125,1125.0,13500000,1.35 crore,Private / Unknown,False,"Ideal House Is Available For Sale In Adiala Road in Adiala Road, Rawalpindi · 3 bed · 3 bath · 5 Marla",https://www.zameen.com/Property/rawalpindi_adiala_road_ideal_house_is_available_for_sale_in_adiala_road-54782704-478-1.html,,
RAW-0495,Rawalpindi,Bahria Town Phase 8 - Safari Valley,House,Sale,5,5,1575,1575.0,28500000,2.85 crore,Bahria Town,False,"South Face Used House in Park Street Proper Double Unit Well Maintained House in ABU Bakar Block 7Marla For Sale BTR Phase 8 in Bahria Town Phase 8 - Safari Valley, Bahria Town Phase 8 · 5 bed · 5 bath · 7 Marla",https://www.zameen.com/Property/bahria_town_phase_8_bahria_town_phase_8_-_safari_valley_south_face_used_house_in_park_street_proper_double_unit_well_maintained_house_in_abu_bakar_block_7marla_for_sale_btr_phase_8-54772336-3074-1.html,park,
RAW-0496,Rawalpindi,Bahria Town Phase 4,House,Sale,5,6,4500,4500.0,130000000,13.00 crore,Bahria Town,False,"1 Kanal Brand New House Available For Sale in Bahria Town Phase 4, Bahria Town Rawalpindi · 5 bed · 6 bath · 1 Kanal",https://www.zameen.com/Property/bahria_town_rawalpindi_bahria_town_phase_4_1_kanal_brand_new_house_available_for_sale-54774540-3041-1.html,brand_new,
RAW-0497,Rawalpindi,Bahria Heights 1,Flat,Sale,2,3,1800,1800.0,29000000,2.90 crore,Bahria Town,False,"Luxurious 1800 SQ Ft 2 Bedroom Apartment For Sale In Bahria heights 1 in Bahria Heights 1, Bahria Town Rawalpindi · 2 bed · 3 bath · 8 Marla",https://www.zameen.com/Property/bahria_town_rawalpindi_bahria_heights_1_luxurious_1800_sq_ft_2_bedroom_apartment_for_sale_in_bahria_heights_1-54717614-12199-1.html,,
RAW-0498,Rawalpindi,Taj Residencia - Lily Block,Other,Sale,6,5,1125,1125.0,17000000,1.70 crore,Private / Unknown,False,"5 Marla Gray Structure In Lilly Block Taj Residencia in Taj Residencia - Lily Block, Taj Residencia · 6 bed · 5 bath · 5 Marla",https://www.zameen.com/Property/taj_residencia_taj_residencia_-_lily_block_5_marla_gray_structure_in_lilly_block_taj_residencia-54473993-18996-1.html,,
RAW-0499,Rawalpindi,Bahria Town Phase 4,House,Sale,5,6,4500,4500.0,97500000,9.75 crore,Bahria Town,False,"1 Knal Brand New House Available For Sale In Bahria Town Phase 4 in Bahria Town Phase 4, Bahria Town Rawalpindi · 5 bed · 6 bath · 1 Kanal",https://www.zameen.com/Property/bahria_town_rawalpindi_bahria_town_phase_4_1_knal_brand_new_house_available_for_sale_in_bahria_town_phase_4-46383184-3041-1.html,brand_new,
RAW-0500,Rawalpindi,Bahria Town Phase 2,House,Sale,5,6,4500,4500.0,125000000,12.50 crore,Bahria Town,False,"1 Kanal Brand New House Available For Sale In Bahria Town in Bahria Town Phase 2, Bahria Town Rawalpindi · 5 bed · 6 bath · 1 Kanal",https://www.zameen.com/Property/bahria_town_rawalpindi_bahria_town_phase_2_1_kanal_brand_new_house_available_for_sale_in_bahria_town-46344524-3035-1.html,brand_new,
RAW-0501,Rawalpindi,Bahria Paradise,Flat,Sale,1,2,877,877.5,16200000,1.62 crore,Bahria Town,False,"1 Bed Luxury Furnished Apartment For Sale In Bahria Paradise Near TKR Building in Bahria Paradise, Bahria Town Rawalpindi · 1 bed · 2 bath · 3.9 Marla",https://www.zameen.com/Property/bahria_town_rawalpindi_bahria_paradise_1_bed_luxury_furnished_apartment_for_sale_in_bahria_paradise_near_tkr_building-53558278-15450-1.html,furnished,
RAW-0502,Rawalpindi,Bahria Town - Civic Centre,Flat,Sale,1,1,585,585.0,7800000,78.00 lac,Bahria Town,False,"1 Bed Apartment For Sale In Bahria Town Phase 4 Civic Center in Bahria Town - Civic Centre, Bahria Town Phase 4 · 1 bed · 1 bath · 2.6 Marla",https://www.zameen.com/Property/bahria_town_phase_4_bahria_town_-_civic_centre_1_bed_apartment_for_sale_in_bahria_town_phase_4_civic_center-54357731-8974-1.html,,
RAW-0503,Rawalpindi,Bahria Heights 1,Flat,Sale,1,2,945,945.0,12500000,1.25 crore,Bahria Town,False,"1 Bed Furnished Apartment For Sale In Bahria Heights 1 in Bahria Heights 1, Bahria Town Rawalpindi · 1 bed · 2 bath · 4.2 Marla",https://www.zameen.com/Property/bahria_town_rawalpindi_bahria_heights_1_1_bed_furnished_apartment_for_sale_in_bahria_heights_1-54259548-12199-1.html,furnished,
RAW-0504,Rawalpindi,Bahria Heights 1,Flat,Sale,1,2,1012,1012.5,13000000,1.30 crore,Bahria Town,False,"1 Bedroom Non Furnished Apartment For Sale In Bahria Heights 1 in Bahria Heights 1, Bahria Town Rawalpindi · 1 bed · 2 bath · 4.5 Marla",https://www.zameen.com/Property/bahria_town_rawalpindi_bahria_heights_1_1_bedroom_non_furnished_apartment_for_sale_in_bahria_heights_1-54258532-12199-1.html,furnished,
RAW-0505,Rawalpindi,Bahria Heights 1,Flat,Sale,1,2,1260,1260.0,19000000,1.90 crore,Bahria Town,False,"One Bedroom Apartment For Sale Bahria Heights 1 E Block in Bahria Heights 1, Bahria Town Rawalpindi · 1 bed · 2 bath · 5.6 Marla",https://www.zameen.com/Property/bahria_town_rawalpindi_bahria_heights_1_one_bedroom_apartment_for_sale_bahria_heights_1_e_block-54524583-12199-1.html,,
RAW-0506,Rawalpindi,Media Town,House,Sale,6,6,2700,2700.0,52000000,5.20 crore,Private / Unknown,False,"12 Marla like A Brand New House For Sale in Media town Rawalpindi. in Media Town, Rawalpindi · 6 bed · 6 bath · 12 Marla",https://www.zameen.com/Property/rawalpindi_media_town_12_marla_like_a_brand_new_house_for_sale_in_media_town_rawalpindi-54590604-8157-1.html,brand_new,
RAW-0507,Rawalpindi,Bahria Town Phase 8,House,Sale,5,6,2250,2250.0,41500000,4.15 crore,Bahria Town,False,"10 Marla Designer House For Sale In Bahria Town Phase 8 Rawalpindi in Bahria Town Phase 8, Bahria Town Rawalpindi · 5 bed · 6 bath · 10 Marla",https://www.zameen.com/Property/bahria_town_rawalpindi_bahria_town_phase_8_10_marla_designer_house_for_sale_in_bahria_town_phase_8_rawalpindi-51708442-3048-1.html,,
RAW-0508,Rawalpindi,Bahria Town Phase 3,House,Sale,5,6,2250,2250.0,47500000,4.75 crore,Bahria Town,False,"10 Marla Ready To Move House For Sale in Bahria Town Phase 3, Bahria Town Rawalpindi · 5 bed · 6 bath · 10 Marla",https://www.zameen.com/Property/bahria_town_rawalpindi_bahria_town_phase_3_10_marla_ready_to_move_house_for_sale-54662097-3036-1.html,,
RAW-0509,Rawalpindi,Bahria Town Phase 3,House,Sale,5,6,2250,2250.0,49900000,4.99 crore,Bahria Town,False,"10 Marla House For Sale In Phase 3 Bahria Town Rawalpindi in Bahria Town Phase 3, Bahria Town Rawalpindi · 5 bed · 6 bath · 10 Marla",https://www.zameen.com/Property/bahria_town_rawalpindi_bahria_town_phase_3_10_marla_house_for_sale_in_phase_3_bahria_town_rawalpindi-54719939-3036-1.html,,
RAW-0510,Rawalpindi,Bahria Town Phase 5,House,Sale,5,6,2475,2475.0,63000000,6.30 crore,Bahria Town,False,"Brand New House For Sale Bharia Town Phase 5 in Bahria Town Phase 5, Bahria Town Rawalpindi · 5 bed · 6 bath · 11 Marla",https://www.zameen.com/Property/bahria_town_rawalpindi_bahria_town_phase_5_brand_new_house_for_sale_bharia_town_phase_5-54762744-3045-1.html,brand_new,
RAW-0511,Rawalpindi,Bahria Town Phase 7,House,Sale,5,,2250,2250.0,47000000,4.70 crore,Bahria Town,False,"Double Storey 10 Marla House Available In Bahria Town Phase 7 For Sale in Bahria Town Phase 7, Bahria Town Rawalpindi · 5 bed · 10 Marla",https://www.zameen.com/Property/bahria_town_rawalpindi_bahria_town_phase_7_double_storey_10_marla_house_available_in_bahria_town_phase_7_for_sale-54594802-3047-1.html,,bathrooms_missing
RAW-0512,Rawalpindi,Bahria Greens - Overseas Enclave - Sector 6,House,Sale,5,5,2587,2587.5,45000000,4.50 crore,Private / Unknown,False,"11.5 Marla house for sale in Bahria Greens - Overseas Enclave - Sector 6, Bahria Greens - Overseas Enclave · 5 bed · 5 bath · 11.5 Marla",https://www.zameen.com/Property/bahria_greens_overseas_enclave_bahria_greens_-_overseas_enclave_-_sector_6_11_5_marla_house_for_sale-54780037-8305-1.html,,
RAW-0513,Rawalpindi,Bahria Intellectual Village,House,Sale,9,7,9000,9000.0,220000000,22.00 crore,Bahria Town,False,"Beautiful HOUSE FOR SALE in Bahria Intellectual Village, Bahria Town Rawalpindi · 9 bed · 7 bath · 2 Kanal",https://www.zameen.com/Property/bahria_town_rawalpindi_bahria_intellectual_village_beautiful_house_for_sale-54700950-8256-1.html,,
RAW-0514,Rawalpindi,Bahria Business District,Other,Sale,1,1,517,517.5,7900000,79.00 lac,Bahria Town,False,"1 Bed / Ready Building / Prime Finishing / Bahria Phase 8 / Rawalpindi in Bahria Business District, Bahria Town Phase 8 · 1 bed · 1 bath · 2.3 Marla",https://www.zameen.com/Property/bahria_town_phase_8_bahria_business_district_1_bed_ready_building_prime_finishing_bahria_phase_8_rawalpindi-54733330-9033-1.html,,
RAW-0515,Rawalpindi,Bahria Greens - Overseas Enclave - Sector 2,House,Sale,5,6,3600,3600.0,79500000,7.95 crore,Private / Unknown,False,"Brand New 16 Marla Corner House in Bahria Greens - Overseas Enclave - Sector 2, Bahria Greens - Overseas Enclave · 5 bed · 6 bath · 16 Marla",https://www.zameen.com/Property/bahria_greens_overseas_enclave_bahria_greens_-_overseas_enclave_-_sector_2_brand_new_16_marla_corner_house-50170458-8301-1.html,corner|brand_new,
RAW-0516,Rawalpindi,Bahria Intellectual Village,House,Sale,5,6,3600,3600.0,78500000,7.85 crore,Bahria Town,False,"16 Marla Home For Sale In Prime Bahria Town Location in Bahria Intellectual Village, Bahria Town Rawalpindi · 5 bed · 6 bath · 16 Marla",https://www.zameen.com/Property/bahria_town_rawalpindi_bahria_intellectual_village_16_marla_home_for_sale_in_prime_bahria_town_location-51438661-8256-1.html,,
RAW-0517,Rawalpindi,Morgah,House,Sale,5,6,5850,5850.0,70000000,7.00 crore,Private / Unknown,False,"Premium 27 Marla Double-Unit House for Sale Morgah, Rawalpindi | Near GT Road in Morgah, Rawalpindi · 5 bed · 6 bath · 1.3 Kanal",https://www.zameen.com/Property/rawalpindi_morgah_premium_27_marla_double-unit_house_for_sale_morgah_rawalpindi_near_gt_road-54777605-1260-1.html,,
RAW-0518,Rawalpindi,Airport Housing Society - Sector 4,House,Sale,2,3,990,900.0,13500000,1.35 crore,Private / Unknown,False,"4 Marla Single Storey House Sector 04 No bank loan only Cash in Airport Housing Society - Sector 4, Airport Housing Society · 2 bed · 3 bath · 4.4 Marla",https://www.zameen.com/Property/airport_housing_society_airport_housing_society_-_sector_4_4_marla_single_storey_house_sector_04_no_bank_loan_only_cash-54644871-9155-1.html,,size_conflict
RAW-0519,Rawalpindi,Chaklala Scheme 3,Other,Sale,4,4,1125,1125.0,18500000,1.85 crore,Private / Unknown,False,"5 marla double story Madni Avenue Chaklala scheme 3 in Chaklala Scheme 3, Chaklala Scheme · 4 bed · 4 bath · 5 Marla",https://www.zameen.com/Property/chaklala_scheme_chaklala_scheme_3_5_marla_double_story_madni_avenue_chaklala_scheme_3-54782731-1312-1.html,,
RAW-0520,Rawalpindi,Snober City,House,Sale,3,3,1125,1125.0,14500000,1.45 crore,Private / Unknown,False,"This Is Your Chance To Buy Prime Location House In Rawalpindi in Snober City, Adiala Road · 3 bed · 3 bath · 5 Marla",https://www.zameen.com/Property/adiala_road_snober_city_this_is_your_chance_to_buy_prime_location_house_in_rawalpindi-54776189-11748-1.html,,
RAW-0521,Rawalpindi,Snober City,House,Sale,3,3,1350,1350.0,18000000,1.80 crore,Private / Unknown,False,"Looking For A Prime Location House In Snober City in Snober City, Adiala Road · 3 bed · 3 bath · 6 Marla",https://www.zameen.com/Property/adiala_road_snober_city_looking_for_a_prime_location_house_in_snober_city-54776074-11748-1.html,,
RAW-0522,Rawalpindi,Bahria Heights 1,Flat,Sale,1,2,810,810.0,12100000,1.21 crore,Bahria Town,False,"luxury 1 bedroom apartment available for sale in Bahria heights 1 in Bahria Heights 1, Bahria Town Rawalpindi · 1 bed · 2 bath · 3.6 Marla",https://www.zameen.com/Property/bahria_town_rawalpindi_bahria_heights_1_luxury_1_bedroom_apartment_available_for_sale_in_bahria_heights_1-54601636-12199-1.html,,
RAW-0523,Rawalpindi,Bahria Town Phase 8 - Block I,House,Sale,5,5,2250,2250.0,33000000,3.30 crore,Bahria Town,False,"Very Low Price 10 Marla Brand New House For Sale Bahria Town Phase 8 Block I Rawalpindi in Bahria Town Phase 8 - Block I, Bahria Town Phase 8 · 5 bed · 5 bath · 10 Marla",https://www.zameen.com/Property/bahria_town_phase_8_bahria_town_phase_8_-_block_i_very_low_price_10_marla_brand_new_house_for_sale_bahria_town_phase_8_block_i_rawalpindi-53058897-3057-1.html,brand_new,
RAW-0524,Rawalpindi,Bahria Town Phase 8 - Ali Block,House,Sale,5,6,2025,2137.5,42500000,4.25 crore,Bahria Town,False,"100% Owner Built 9.5 Marla Corner A Plus Construction House For Sale Bahria Town Phase 8 in Bahria Town Phase 8 - Ali Block, Bahria Town Phase 8 - Safari Valley · 5 bed · 6 bath · 9 Marla",https://www.zameen.com/Property/bahria_town_phase_8_safari_valley_bahria_town_phase_8_-_ali_block_100_owner_built_9_5_marla_corner_a_plus_construction_house_for_sale_bahria_town_phase_8-54439025-3070-1.html,corner,size_conflict
RAW-0525,Rawalpindi,Bahria Town Phase 8 - Block A,House,Sale,5,6,2475,2475.0,37000000,3.70 crore,Bahria Town,False,"Very Low Price | Water Boring Available 11 Marla Brand New Owner Built House For Sale Bahria Town in Bahria Town Phase 8 - Block A, Bahria Town Phase 8 · 5 bed · 6 bath · 11 Marla",https://www.zameen.com/Property/bahria_town_phase_8_bahria_town_phase_8_-_block_a_very_low_price_water_boring_available_11_marla_brand_new_owner_built_house_for_sale_bahria_town-54520788-3049-1.html,brand_new,
RAW-0526,Rawalpindi,Bahria Town Phase 8 - Safari Valley,House,Sale,4,5,1575,1575.0,36000000,3.60 crore,Bahria Town,False,"Blvd designer double hight house for sale in Bahria Town Phase 8 - Safari Valley, Bahria Town Phase 8 · 4 bed · 5 bath · 7 Marla",https://www.zameen.com/Property/bahria_town_phase_8_bahria_town_phase_8_-_safari_valley_blvd_designer_double_hight_house_for_sale-54783011-3074-1.html,,
RAW-0527,Rawalpindi,Airport Housing Society - Sector 4,House,Sale,4,6,1260,1125.0,23500000,2.35 crore,Private / Unknown,False,"5 Marla Stylish Brand New Double Storey House Main Road in Airport Housing Society - Sector 4, Airport Housing Society · 4 bed · 6 bath · 5.6 Marla",https://www.zameen.com/Property/airport_housing_society_airport_housing_society_-_sector_4_5_marla_stylish_brand_new_double_storey_house_main_road-54517492-9155-1.html,brand_new,size_conflict
RAW-0528,Rawalpindi,Chaklala Scheme 3,House,Sale,5,5,2250,2250.0,60000000,6.00 crore,Private / Unknown,False,"10 Marla House In Main Chaklala Scheme 3 in Chaklala Scheme 3, Chaklala Scheme · 5 bed · 5 bath · 10 Marla",https://www.zameen.com/Property/chaklala_scheme_chaklala_scheme_3_10_marla_house_in_main_chaklala_scheme_3-54782806-1312-1.html,,
RAW-0529,Rawalpindi,Bahria Town Phase 2,House,Sale,5,6,2250,2250.0,59500000,5.95 crore,Bahria Town,False,"Brand New Designer House For Sale Bharia Town Phase 2 in Bahria Town Phase 2, Bahria Town Rawalpindi · 5 bed · 6 bath · 10 Marla",https://www.zameen.com/Property/bahria_town_rawalpindi_bahria_town_phase_2_brand_new_designer_house_for_sale_bharia_town_phase_2-54533309-3035-1.html,brand_new,
RAW-0530,Rawalpindi,Bahria Greens - Overseas Enclave - Sector 5,House,Sale,5,6,9000,9000.0,160000000,16.00 crore,Private / Unknown,False,"Lavish 2 Kanal Mansion In Overseas Block Phase 8 in Bahria Greens - Overseas Enclave - Sector 5, Bahria Greens - Overseas Enclave · 5 bed · 6 bath · 2 Kanal",https://www.zameen.com/Property/bahria_greens_overseas_enclave_bahria_greens_-_overseas_enclave_-_sector_5_lavish_2_kanal_mansion_in_overseas_block_phase_8-54741152-8304-1.html,,
RAW-0531,Rawalpindi,Bahria Town Phase 8 - Block C,House,Sale,5,6,3825,3825.0,50000000,5.00 crore,Bahria Town,False,"Designer 17 Marla House For Sale With Lawn in Bahria Town Phase 8 - Block C, Bahria Town Phase 8 · 5 bed · 6 bath · 17 Marla",https://www.zameen.com/Property/bahria_town_phase_8_bahria_town_phase_8_-_block_c_designer_17_marla_house_for_sale_with_lawn-53795278-3051-1.html,garden_lawn,
RAW-0532,Rawalpindi,Bahria Greens - Overseas Enclave - Sector 3,House,Sale,4,6,2700,2700.0,46500000,4.65 crore,Private / Unknown,False,"12 Marla Designer House With Solar in Bahria Greens - Overseas Enclave - Sector 3, Bahria Greens - Overseas Enclave · 4 bed · 6 bath · 12 Marla",https://www.zameen.com/Property/bahria_greens_overseas_enclave_bahria_greens_-_overseas_enclave_-_sector_3_12_marla_designer_house_with_solar-54173803-8302-1.html,solar,
RAW-0533,Rawalpindi,Bahria Town Phase 8,House,Sale,5,6,2250,2250.0,52500000,5.25 crore,Bahria Town,False,"10 Marla Luxury Designer House Park Face in Bahria Town Phase 8, Bahria Town Rawalpindi · 5 bed · 6 bath · 10 Marla",https://www.zameen.com/Property/bahria_town_rawalpindi_bahria_town_phase_8_10_marla_luxury_designer_house_park_face-54699890-3048-1.html,park,
RAW-0534,Rawalpindi,Bahria Town Phase 8,House,Sale,5,6,2250,2250.0,54000000,5.40 crore,Bahria Town,False,"10m designer double unit house for sale bahria phase 8 in Bahria Town Phase 8, Bahria Town Rawalpindi · 5 bed · 6 bath · 10 Marla",https://www.zameen.com/Property/bahria_town_rawalpindi_bahria_town_phase_8_10m_designer_double_unit_house_for_sale_bahria_phase_8-54775897-3048-1.html,,
RAW-0535,Rawalpindi,Bahria Town Phase 8 - Block C,House,Sale,6,6,4050,4050.0,60000000,6.00 crore,Bahria Town,False,"On Excellent Location House Of 18 Marla Is Available For sale In Bahria Town Phase 8 - Block C in Bahria Town Phase 8 - Block C, Bahria Town Phase 8 · 6 bed · 6 bath · 18 Marla",https://www.zameen.com/Property/bahria_town_phase_8_bahria_town_phase_8_-_block_c_on_excellent_location_house_of_18_marla_is_available_for_sale_in_bahria_town_phase_8_-_block_c-54697611-3051-1.html,,
RAW-0536,Rawalpindi,Bahria Town Phase 3,House,Sale,6,6,4500,4500.0,75000000,7.50 crore,Bahria Town,False,"1 Kanal Full House Available For Sale In Bahria Town Phase 3 in Bahria Town Phase 3, Bahria Town Rawalpindi · 6 bed · 6 bath · 1 Kanal",https://www.zameen.com/Property/bahria_town_rawalpindi_bahria_town_phase_3_1_kanal_full_house_available_for_sale_in_bahria_town_phase_3-54618165-3036-1.html,,
RAW-0537,Rawalpindi,Bahria Town Phase 8,Other,Sale,4,5,2250,2250.0,72500000,7.25 crore,Bahria Town,False,"For Overseas Pakistani Family in Bahria Town Phase 8, Bahria Town Rawalpindi · 4 bed · 5 bath · 10 Marla",https://www.zameen.com/Property/bahria_town_rawalpindi_bahria_town_phase_8_for_overseas_pakistani_family-54775563-3048-1.html,,
RAW-0538,Rawalpindi,Bahria Town Phase 7,House,Sale,5,6,2700,2700.0,56500000,5.65 crore,Bahria Town,False,"Corner A Centrally Located House Is Available For sale In Rawalpindi in Bahria Town Phase 7, Bahria Town Rawalpindi · 5 bed · 6 bath · 12 Marla",https://www.zameen.com/Property/bahria_town_rawalpindi_bahria_town_phase_7_corner_a_centrally_located_house_is_available_for_sale_in_rawalpindi-54756381-3047-1.html,corner,
RAW-0539,Rawalpindi,Bahria Town Phase 8 - Block B,House,Sale,4,5,4275,4275.0,69000000,6.90 crore,Bahria Town,False,"Bahria Town Block B 19 Marla Corner House in Bahria Town Phase 8 - Block B, Bahria Town Phase 8 · 4 bed · 5 bath · 19 Marla",https://www.zameen.com/Property/bahria_town_phase_8_bahria_town_phase_8_-_block_b_bahria_town_block_b_19_marla_corner_house-52092839-3050-1.html,corner,
RAW-0540,Rawalpindi,Bahria Intellectual Village,House,Sale,6,6,5400,5400.0,162500000,16.25 crore,Bahria Town,False,"24 Marla Luxury House Intellectual Village in Bahria Intellectual Village, Bahria Town Rawalpindi · 6 bed · 6 bath · 1.2 Kanal",https://www.zameen.com/Property/bahria_town_rawalpindi_bahria_intellectual_village_24_marla_luxury_house_intellectual_village-52456170-8256-1.html,,
RAW-0541,Rawalpindi,Snober City,House,Sale,3,3,1125,1125.0,13500000,1.35 crore,Private / Unknown,False,"Looking For A Prime Location House In Snober City Rawalpindi in Snober City, Adiala Road · 3 bed · 3 bath · 5 Marla",https://www.zameen.com/Property/adiala_road_snober_city_looking_for_a_prime_location_house_in_snober_city_rawalpindi-54776100-11748-1.html,,
RAW-0542,Rawalpindi,Bahria Town Phase 8 - Safari Homes,House,Sale,3,3,1800,1800.0,22000000,2.20 crore,Bahria Town,False,"8 Marla Safari Home Double Story For Sale in Bahria Town Phase 8 - Safari Homes, Bahria Town Phase 8 · 3 bed · 3 bath · 8 Marla",https://www.zameen.com/Property/bahria_town_phase_8_bahria_town_phase_8_-_safari_homes_8_marla_safari_home_double_story_for_sale-54743538-10610-1.html,,
RAW-0543,Rawalpindi,Bahria Business District,Flat,Sale,1,1,652,652.5,7000000,70.00 lac,Bahria Town,False,"1 Bed Apartment for Sale in Business District in Bahria Business District, Bahria Town Phase 8 · 1 bed · 1 bath · 2.9 Marla",https://www.zameen.com/Property/bahria_town_phase_8_bahria_business_district_1_bed_apartment_for_sale_in_business_district-54645222-9033-1.html,,
RAW-0544,Rawalpindi,Bahria Intellectual Village,House,Sale,8,6,7200,7200.0,390000000,39.00 crore,Bahria Town,False,"Bahria intellectual village 31Marla brands new designer Full luxury furnished house for sale in Bahria Intellectual Village, Bahria Town Rawalpindi · 8 bed · 6 bath · 1.6 Kanal",https://www.zameen.com/Property/bahria_town_rawalpindi_bahria_intellectual_village_bahria_intellectual_village_31marla_brands_new_designer_full_luxury_furnished_house_for_sale-54694480-8256-1.html,furnished,
RAW-0545,Rawalpindi,Chaklala Scheme 3,House,Sale,5,5,3825,3150.0,50000000,5.00 crore,Private / Unknown,False,"14 Marla Corner House in Ayub colony Chaklala scheme 3 in Chaklala Scheme 3, Chaklala Scheme · 5 bed · 5 bath · 17 Marla",https://www.zameen.com/Property/chaklala_scheme_chaklala_scheme_3_14_marla_corner_house_in_ayub_colony_chaklala_scheme_3-54782786-1312-1.html,corner,size_conflict
RAW-0546,Rawalpindi,Silver City,House,Sale,4,4,1125,1125.0,14500000,1.45 crore,Private / Unknown,False,"5 MARLA 4 BED SMART HOME AUTOMATION HOUSE 2YEAR INSTALMENT PLAN in Silver City, Girja Road · 4 bed · 4 bath · 5 Marla",https://www.zameen.com/Property/girja_road_silver_city_5_marla_4_bed_smart_home_automation_house_2year_instalment_plan-54121524-11949-1.html,,
RAW-0547,Rawalpindi,Bahria Town Phase 8 - Block M,House,Sale,3,3,1125,1125.0,19800000,1.98 crore,Bahria Town,False,"Book House Today In Bahria Town Phase 8 - Block M in Bahria Town Phase 8 - Block M, Bahria Town Phase 8 · 3 bed · 3 bath · 5 Marla",https://www.zameen.com/Property/bahria_town_phase_8_bahria_town_phase_8_-_block_m_book_house_today_in_bahria_town_phase_8_-_block_m-54357687-3062-1.html,,
RAW-0548,Rawalpindi,Bahria Town Phase 8 - Sector E-1,House,Sale,4,4,1350,1350.0,26700000,2.67 crore,Bahria Town,False,"Stunning 6 Marla House In Bahria Town Phase 8 - Sector E-1 Available in Bahria Town Phase 8 - Sector E-1, Bahria Town Phase 8 · 4 bed · 4 bath · 6 Marla",https://www.zameen.com/Property/bahria_town_phase_8_bahria_town_phase_8_-_sector_e-1_stunning_6_marla_house_in_bahria_town_phase_8_-_sector_e-1_available-54470718-8360-1.html,,
RAW-0549,Rawalpindi,Bahria Town Phase 8 - Ali Block,House,Sale,5,5,1575,1575.0,26000000,2.60 crore,Bahria Town,False,"7 Marla House Ideally Situated In Bahria Town Phase 8 - Ali Block in Bahria Town Phase 8 - Ali Block, Bahria Town Phase 8 - Safari Valley · 5 bed · 5 bath · 7 Marla",https://www.zameen.com/Property/bahria_town_phase_8_safari_valley_bahria_town_phase_8_-_ali_block_7_marla_house_ideally_situated_in_bahria_town_phase_8_-_ali_block-54470720-3070-1.html,,
RAW-0550,Rawalpindi,Bahria Town Phase 8 - Rafi Block,House,Sale,5,5,1800,1800.0,27300000,2.73 crore,Bahria Town,False,"Stunning House Is Available For Sale In Bahria Town Phase 8 - Rafi Block in Bahria Town Phase 8 - Rafi Block, Bahria Town Phase 8 · 5 bed · 5 bath · 8 Marla",https://www.zameen.com/Property/bahria_town_phase_8_bahria_town_phase_8_-_rafi_block_stunning_house_is_available_for_sale_in_bahria_town_phase_8_-_rafi_block-54470715-3071-1.html,,
RAW-0551,Rawalpindi,Bahria Town Phase 8 - Rafi Block,House,Sale,5,5,1800,1800.0,27799999,2.78 crore,Bahria Town,False,"8 Marla House For Sale Is Available In Bahria Town Phase 8 - Rafi Block in Bahria Town Phase 8 - Rafi Block, Bahria Town Phase 8 · 5 bed · 5 bath · 8 Marla",https://www.zameen.com/Property/bahria_town_phase_8_bahria_town_phase_8_-_rafi_block_8_marla_house_for_sale_is_available_in_bahria_town_phase_8_-_rafi_block-54470716-3071-1.html,,
RAW-0552,Rawalpindi,Bahria Town Phase 8 - Rafi Block,House,Sale,5,5,1800,1800.0,28300000,2.83 crore,Bahria Town,False,"Bahria Town Phase 8 - Rafi Block House Sized 8 Marla For Sale in Bahria Town Phase 8 - Rafi Block, Bahria Town Phase 8 · 5 bed · 5 bath · 8 Marla",https://www.zameen.com/Property/bahria_town_phase_8_bahria_town_phase_8_-_rafi_block_bahria_town_phase_8_-_rafi_block_house_sized_8_marla_for_sale-54470717-3071-1.html,,
RAW-0553,Rawalpindi,Bahria Town Phase 8 - Umer Block,House,Sale,5,6,1575,1575.0,29200000,2.92 crore,Bahria Town,False,"Very Low Price | 7 Marla Brand New Modern House For Sale Bahria Town Phase 8 Umer Block RWP in Bahria Town Phase 8 - Umer Block, Bahria Town Phase 8 - Safari Valley · 5 bed · 6 bath · 7 Marla",https://www.zameen.com/Property/bahria_town_phase_8_safari_valley_bahria_town_phase_8_-_umer_block_very_low_price_7_marla_brand_new_modern_house_for_sale_bahria_town_phase_8_umer_block_rwp-54725727-3067-1.html,brand_new,
RAW-0554,Rawalpindi,Bahria Town Phase 8 - Abu Bakar Block,House,Sale,5,6,1575,1575.0,28500000,2.85 crore,Bahria Town,False,"7 Marla Brand New Luxury House For Sale Bahria Town Phase 8 Rawalpindi in Bahria Town Phase 8 - Abu Bakar Block, Bahria Town Phase 8 - Safari Valley · 5 bed · 6 bath · 7 Marla",https://www.zameen.com/Property/bahria_town_phase_8_safari_valley_bahria_town_phase_8_-_abu_bakar_block_7_marla_brand_new_luxury_house_for_sale_bahria_town_phase_8_rawalpindi-53742561-3069-1.html,brand_new,
RAW-0555,Rawalpindi,Gulshan Abad Sector 2,House,Sale,5,5,4500,4500.0,37000000,3.70 crore,Private / Unknown,False,"1 Kanal Single Unit House Available For Sale . in Gulshan Abad Sector 2, Gulshan Abad · 5 bed · 5 bath · 1 Kanal",https://www.zameen.com/Property/gulshan_abad_gulshan_abad_sector_2_1_kanal_single_unit_house_available_for_sale-51891480-14739-1.html,,
RAW-0556,Rawalpindi,Bahria Town Phase 5,House,Sale,6,6,4500,4500.0,162500000,16.25 crore,Bahria Town,False,"Brand New Triple Highted Modern Design House For Sale Bharia Town Phase 5 in Bahria Town Phase 5, Bahria Town Rawalpindi · 6 bed · 6 bath · 1 Kanal",https://www.zameen.com/Property/bahria_town_rawalpindi_bahria_town_phase_5_brand_new_triple_highted_modern_design_house_for_sale_bharia_town_phase_5-54279941-3045-1.html,brand_new,
RAW-0557,Rawalpindi,Bahria Town Phase 1,House,Sale,7,6,4500,4500.0,105000000,10.50 crore,Bahria Town,False,"Brand New House Phase 1 in Bahria Town Phase 1, Bahria Town Rawalpindi · 7 bed · 6 bath · 1 Kanal",https://www.zameen.com/Property/bahria_town_rawalpindi_bahria_town_phase_1_brand_new_house_phase_1-54762184-3033-1.html,brand_new,
RAW-0558,Rawalpindi,Bahria Town Phase 4,House,Sale,10,6,4500,4500.0,69500000,6.95 crore,Bahria Town,False,"Investor Rate Outclass Location Kanal House In The Heart Of Bahria Phase 4 With Very Reasonable Demand in Bahria Town Phase 4, Bahria Town Rawalpindi · 10 bed · 6 bath · 1 Kanal",https://www.zameen.com/Property/bahria_town_rawalpindi_bahria_town_phase_4_investor_rate_outclass_location_kanal_house_in_the_heart_of_bahria_phase_4_with_very_reasonable_demand-54738306-3041-1.html,,
RAW-0559,Rawalpindi,Bahria Town Phase 8 - Block M,House,Sale,3,4,1125,1125.0,22000000,2.20 crore,Bahria Town,False,"House For Sale in Bahria Town Phase 8 - Block M, Bahria Town Phase 8 · 3 bed · 4 bath · 5 Marla",https://www.zameen.com/Property/bahria_town_phase_8_bahria_town_phase_8_-_block_m_house_for_sale-54638596-3062-1.html,,
RAW-0560,Rawalpindi,Bahria Town Phase 3,House,Sale,6,6,4500,4500.0,62500000,6.25 crore,Bahria Town,False,"1 Kanal Double Unit House Available For Sale On Prime Location Of Bahria Town Rawalpindi in Bahria Town Phase 3, Bahria Town Rawalpindi · 6 bed · 6 bath · 1 Kanal",https://www.zameen.com/Property/bahria_town_rawalpindi_bahria_town_phase_3_1_kanal_double_unit_house_available_for_sale_on_prime_location_of_bahria_town_rawalpindi-54775126-3036-1.html,,
RAW-0561,Rawalpindi,Bahria Town Phase 8,Flat,Sale,,,1327,1327.5,19500000,1.95 crore,Bahria Town,False,"Brand New Furnished 2-Bed Apartment For Sale | 1335 Sq. Ft. | Domus Heights | Direct Owner Deal in Bahria Town Phase 8, Bahria Town Rawalpindi · 5.9 Marla",https://www.zameen.com/Property/bahria_town_rawalpindi_bahria_town_phase_8_brand_new_furnished_2-bed_apartment_for_sale_1_335_sq_ft_domus_heights_direct_owner_deal-54738283-3048-1.html,furnished|brand_new,bedrooms_missing|bathrooms_missing
RAW-0562,Rawalpindi,Bahria Town Phase 8 - Umer Block,House,Sale,5,6,1575,1575.0,29500000,2.95 crore,Bahria Town,False,"FULLY FURNISHED HOUSE FOR SALE in Bahria Town Phase 8 - Umer Block, Bahria Town Phase 8 - Safari Valley · 5 bed · 6 bath · 7 Marla",https://www.zameen.com/Property/bahria_town_phase_8_safari_valley_bahria_town_phase_8_-_umer_block_fully_furnished_house_for_sale-52978284-3067-1.html,furnished,
RAW-0563,Rawalpindi,Bahria Greens - Overseas Enclave - Sector 5,House,Sale,4,5,2250,2250.0,53000000,5.30 crore,Bahria Town,False,"10 Marla Semi Furnished House Overseas 5, Phase 8 Bahria Town Rawalpindi in Bahria Greens - Overseas Enclave - Sector 5, Bahria Greens - Overseas Enclave · 4 bed · 5 bath · 10 Marla",https://www.zameen.com/Property/bahria_greens_overseas_enclave_bahria_greens_-_overseas_enclave_-_sector_5_10_marla_semi_furnished_house_overseas_5_phase_8_bahria_town_rawalpindi-53244455-8304-1.html,furnished,
RAW-0564,Rawalpindi,Bahria Town Phase 8 - Ali Block,House,Sale,4,4,1125,1125.0,21500000,2.15 crore,Bahria Town,False,"5 Marla Double Storey Brand New House For Sale Ali Block in Bahria Town Phase 8 - Ali Block, Bahria Town Phase 8 - Safari Valley · 4 bed · 4 bath · 5 Marla",https://www.zameen.com/Property/bahria_town_phase_8_safari_valley_bahria_town_phase_8_-_ali_block_5_marla_double_storey_brand_new_house_for_sale_ali_block-54717020-3070-1.html,brand_new,
RAW-0565,Rawalpindi,Bahria Town Phase 8,House,Sale,4,5,1125,1125.0,21500000,2.15 crore,Bahria Town,False,"Direct Owner Meeting  5 Marla Brand New House For Sale In Bahria Town Rawalpindi in Bahria Town Phase 8, Bahria Town Rawalpindi · 4 bed · 5 bath · 5 Marla",https://www.zameen.com/Property/bahria_town_rawalpindi_bahria_town_phase_8_direct_owner_meeting_5_marla_brand_new_house_for_sale_in_bahria_town_rawalpindi-54204319-3048-1.html,brand_new,
RAW-0566,Rawalpindi,Bahria Town Phase 8 - Block A,House,Sale,6,7,5400,5400.0,65000000,6.50 crore,Bahria Town,False,"Park Face 23 Marla House For Sale In Bahria Town Rawalpindi. in Bahria Town Phase 8 - Block A, Bahria Town Phase 8 · 6 bed · 7 bath · 1.2 Kanal",https://www.zameen.com/Property/bahria_town_phase_8_bahria_town_phase_8_-_block_a_park_face_23_marla_house_for_sale_in_bahria_town_rawalpindi-54533242-3049-1.html,park,
RAW-0567,Rawalpindi,Bahria Greens - Overseas Enclave - Sector 5,House,Sale,3,3,1125,1125.0,29000000,2.90 crore,Bahria Town,False,"FOR SALE HOUSE BAHRIA TOWN PHESES-8 Overses-5 in Bahria Greens - Overseas Enclave - Sector 5, Bahria Greens - Overseas Enclave · 3 bed · 3 bath · 5 Marla",https://www.zameen.com/Property/bahria_greens_overseas_enclave_bahria_greens_-_overseas_enclave_-_sector_5_for_sale_house_bahria_town_pheses-8_overses-5-54654830-8304-1.html,,
RAW-0568,Rawalpindi,Bahria Town Phase 8 - Block B,House,Sale,5,6,2250,2250.0,45000000,4.50 crore,Bahria Town,False,"10 MARLA SOLID DOUBLE-UNIT HOUSE FOR SALE BAHRIA TOWN PHASE 8, SECTOR B in Bahria Town Phase 8 - Block B, Bahria Town Phase 8 · 5 bed · 6 bath · 10 Marla",https://www.zameen.com/Property/bahria_town_phase_8_bahria_town_phase_8_-_block_b_10_marla_solid_double-unit_house_for_sale_bahria_town_phase_8_sector_b-54689676-3050-1.html,,
RAW-0569,Rawalpindi,Bahria Town Phase 8 - Sector E-1,House,Sale,4,4,1350,1350.0,27500000,2.75 crore,Bahria Town,False,"This Is Your Chance To Buy House In Bahria Town Phase 8 - Sector E-1 Rawalpindi in Bahria Town Phase 8 - Sector E-1, Bahria Town Phase 8 · 4 bed · 4 bath · 6 Marla",https://www.zameen.com/Property/bahria_town_phase_8_bahria_town_phase_8_-_sector_e-1_this_is_your_chance_to_buy_house_in_bahria_town_phase_8_-_sector_e-1_rawalpindi-54470719-8360-1.html,,
RAW-0570,Rawalpindi,Bahria Town Phase 8 - Umer Block,House,Sale,5,5,1575,1575.0,27000000,2.70 crore,Bahria Town,False,"Reserve A House Of 7 Marla Now In Bahria Town Phase 8 - Umer Block in Bahria Town Phase 8 - Umer Block, Bahria Town Phase 8 - Safari Valley · 5 bed · 5 bath · 7 Marla",https://www.zameen.com/Property/bahria_town_phase_8_safari_valley_bahria_town_phase_8_-_umer_block_reserve_a_house_of_7_marla_now_in_bahria_town_phase_8_-_umer_block-54470722-3067-1.html,,
RAW-0571,Rawalpindi,Bahria Town Phase 8 - Usman Block,House,Sale,5,5,1575,1575.0,27700000,2.77 crore,Bahria Town,False,"7 Marla House For sale In Bahria Town Rawalpindi in Bahria Town Phase 8 - Usman Block, Bahria Town Phase 8 - Safari Valley · 5 bed · 5 bath · 7 Marla",https://www.zameen.com/Property/bahria_town_phase_8_safari_valley_bahria_town_phase_8_-_usman_block_7_marla_house_for_sale_in_bahria_town_rawalpindi-54470723-3068-1.html,,
RAW-0572,Rawalpindi,Bahria Town Phase 8,House,Sale,5,5,1575,1575.0,28000000,2.80 crore,Bahria Town,False,"House For Sale In Rs. 28000000 in Bahria Town Phase 8, Bahria Town Rawalpindi · 5 bed · 5 bath · 7 Marla",https://www.zameen.com/Property/bahria_town_rawalpindi_bahria_town_phase_8_house_for_sale_in_rs_28000000-54470724-3048-1.html,,
RAW-0573,Rawalpindi,Adiala Road,House,Sale,4,3,1575,1575.0,17000000,1.70 crore,Private / Unknown,False,"House For Sale In Adiala Road in Adiala Road, Rawalpindi · 4 bed · 3 bath · 7 Marla",https://www.zameen.com/Property/rawalpindi_adiala_road_house_for_sale_in_adiala_road-54782703-478-1.html,,
RAW-0574,Rawalpindi,Adiala Road,House,Sale,3,3,1575,1575.0,22500000,2.25 crore,Private / Unknown,False,"Buying A House In Adiala Road in Adiala Road, Rawalpindi · 3 bed · 3 bath · 7 Marla",https://www.zameen.com/Property/rawalpindi_adiala_road_buying_a_house_in_adiala_road-54782700-478-1.html,,
RAW-0575,Rawalpindi,Bahria Town Phase 5,House,Sale,6,6,4500,4500.0,65000000,6.50 crore,Bahria Town,False,"Kanal Luxury Double Unit House for Sale in Bahria Town | Kanal House for Sale in Bahria Town at Investor rate in Bahria Town Phase 5, Bahria Town Rawalpindi · 6 bed · 6 bath · 1 Kanal",https://www.zameen.com/Property/bahria_town_rawalpindi_bahria_town_phase_5_kanal_luxury_double_unit_house_for_sale_in_bahria_town_kanal_house_for_sale_in_bahria_town_at_investor_rate-54763244-3045-1.html,,
